/home/txtran/Downloads/sdsGWAS/SDS_2015/Renamed Images/Muscatine/SDS_Muscatine_0730_rep1-1/0304.jpg,1369,380,2374,1375,5
/home/txtran/Downloads/sdsGWAS/SDS_2015/Renamed Images/Muscatine/SDS_Muscatine_0730_rep1-1/0304.jpg,380,692,1908,1453,5
/home/txtran/Downloads/sdsGWAS/SDS_2015/Renamed Images/Muscatine/SDS_Muscatine_0730_rep1-1/0304.jpg,1069,2536,2085,3819,2
/home/txtran/Downloads/sdsGWAS/SDS_2015/Renamed Images/Muscatine/SDS_Muscatine_0730_rep1-1/0304.jpg,1180,3947,1935,5180,4
/home/txtran/Downloads/sdsGWAS/SDS_2015/Renamed Images/Muscatine/SDS_Muscatine_0730_rep1-1/0304.jpg,1741,4108,2486,5184,4
/home/txtran/Downloads/sdsGWAS/SDS_2015/Renamed Images/Muscatine/SDS_Muscatine_0730_rep1-1/0304.jpg,2241,3325,3035,3969,3
/home/txtran/Downloads/sdsGWAS/SDS_2015/Renamed Images/Muscatine/SDS_Muscatine_0730_rep1-1/0304.jpg,2074,2692,2730,3314,3
/home/txtran/Downloads/sdsGWAS/SDS_2015/Renamed Images/Muscatine/SDS_Muscatine_0730_rep1-1/0304.jpg,256,3951,1175,4814,4
/home/txtran/Downloads/sdsGWAS/SDS_2015/Renamed Images/Muscatine/SDS_Muscatine_0730_rep1-1/0304.jpg,1,3807,469,4745,3
/home/txtran/Downloads/sdsGWAS/SDS_2015/Renamed Images/Muscatine/SDS_Muscatine_0730_rep1-1/0304.jpg,37,4570,865,5184,3
/home/txtran/Downloads/sdsGWAS/SDS_2015/Renamed Images/Muscatine/SDS_Muscatine_0730_rep1-1/0304.jpg,2656,2501,3187,3045,2
/home/txtran/Downloads/sdsGWAS/SDS_2015/Renamed Images/Muscatine/SDS_Muscatine_0730_rep1-1/0304.jpg,2456,270,3419,1320,3
/home/txtran/Downloads/sdsGWAS/SDS_2015/Renamed Images/Muscatine/SDS_Muscatine_0730_rep1-1/0304.jpg,850,1113,1506,1757,3
/home/txtran/Downloads/sdsGWAS/SDS_2015/Renamed Images/Muscatine/SDS_Muscatine_0730_rep1-1/0304.jpg,1237,1726,1650,2570,3
/home/txtran/Downloads/sdsGWAS/SDS_2015/Renamed Images/Muscatine/SDS_Muscatine_0730_rep1-1/0402.jpg,1147,3368,3314,4779,5
/home/txtran/Downloads/sdsGWAS/SDS_2015/Renamed Images/Muscatine/SDS_Muscatine_0730_rep1-1/0402.jpg,174,3542,1280,5097,5
/home/txtran/Downloads/sdsGWAS/SDS_2015/Renamed Images/Muscatine/SDS_Muscatine_0730_rep1-1/0402.jpg,491,2225,1347,3436,5
/home/txtran/Downloads/sdsGWAS/SDS_2015/Renamed Images/Muscatine/SDS_Muscatine_0730_rep1-1/0402.jpg,2030,2842,3269,3575,5
/home/txtran/Downloads/sdsGWAS/SDS_2015/Renamed Images/Muscatine/SDS_Muscatine_0730_rep1-1/0402.jpg,2902,442,3424,1830,1
/home/txtran/Downloads/sdsGWAS/SDS_2015/Renamed Images/Muscatine/SDS_Muscatine_0730_rep1-1/0402.jpg,2335,2197,2958,2636,2
/home/txtran/Downloads/sdsGWAS/SDS_2015/Renamed Images/Muscatine/SDS_Muscatine_0730_rep1-1/0402.jpg,735,36,1652,664,4
/home/txtran/Downloads/sdsGWAS/SDS_2015/Renamed Images/Muscatine/SDS_Muscatine_0730_rep1-1/0402.jpg,2285,675,2947,1947,5
/home/txtran/Downloads/sdsGWAS/SDS_2015/Renamed Images/Muscatine/SDS_Muscatine_0730_rep1-1/0402.jpg,931,2151,2350,2538,3
/home/txtran/Downloads/sdsGWAS/SDS_2015/Renamed Images/Muscatine/SDS_Muscatine_0730_rep1-1/0402.jpg,856,2276,1812,3382,3
/home/txtran/Downloads/sdsGWAS/SDS_2015/Renamed Images/Muscatine/SDS_Muscatine_0730_rep1-1/0402.jpg,1596,1,2369,332,2
/home/txtran/Downloads/sdsGWAS/SDS_2015/Renamed Images/Muscatine/SDS_Muscatine_0730_rep1-1/0402.jpg,2349,1907,3293,2326,2
/home/txtran/Downloads/sdsGWAS/SDS_2015/Renamed Images/Muscatine/SDS_Muscatine_0730_rep1-1/0402.jpg,12,2388,487,3076,4
/home/txtran/Downloads/sdsGWAS/SDS_2015/Renamed Images/Muscatine/SDS_Muscatine_0730_rep1-1/0402.jpg,12,276,625,1082,1
/home/txtran/Downloads/sdsGWAS/SDS_2015/Renamed Images/Muscatine/SDS_Muscatine_0730_rep1-1/0407.jpg,1765,1738,2518,3134,5
/home/txtran/Downloads/sdsGWAS/SDS_2015/Renamed Images/Muscatine/SDS_Muscatine_0730_rep1-1/0407.jpg,315,1684,1383,2913,5
/home/txtran/Downloads/sdsGWAS/SDS_2015/Renamed Images/Muscatine/SDS_Muscatine_0730_rep1-1/0407.jpg,761,945,1597,1517,5
/home/txtran/Downloads/sdsGWAS/SDS_2015/Renamed Images/Muscatine/SDS_Muscatine_0730_rep1-1/0407.jpg,147,874,718,1595,5
/home/txtran/Downloads/sdsGWAS/SDS_2015/Renamed Images/Muscatine/SDS_Muscatine_0730_rep1-1/0407.jpg,1883,963,3261,1299,5
/home/txtran/Downloads/sdsGWAS/SDS_2015/Renamed Images/Muscatine/SDS_Muscatine_0730_rep1-1/0407.jpg,4254,2606,4783,3320,1
/home/txtran/Downloads/sdsGWAS/SDS_2015/Renamed Images/Muscatine/SDS_Muscatine_0730_rep1-1/0410.jpg,3458,1742,4554,2442,4
/home/txtran/Downloads/sdsGWAS/SDS_2015/Renamed Images/Muscatine/SDS_Muscatine_0730_rep1-1/0410.jpg,4290,70,4915,1692,4
/home/txtran/Downloads/sdsGWAS/SDS_2015/Renamed Images/Muscatine/SDS_Muscatine_0730_rep1-1/0410.jpg,2747,649,4250,1520,4
/home/txtran/Downloads/sdsGWAS/SDS_2015/Renamed Images/Muscatine/SDS_Muscatine_0730_rep1-1/0410.jpg,1482,346,2065,1371,5
/home/txtran/Downloads/sdsGWAS/SDS_2015/Renamed Images/Muscatine/SDS_Muscatine_0730_rep1-1/0410.jpg,1,1146,1427,1984,3
/home/txtran/Downloads/sdsGWAS/SDS_2015/Renamed Images/Muscatine/SDS_Muscatine_0730_rep1-1/0410.jpg,407,1392,2082,3042,3
/home/txtran/Downloads/sdsGWAS/SDS_2015/Renamed Images/Muscatine/SDS_Muscatine_0730_rep1-1/0502.jpg,797,2252,2225,2927,5
/home/txtran/Downloads/sdsGWAS/SDS_2015/Renamed Images/Muscatine/SDS_Muscatine_0730_rep1-1/0502.jpg,754,1534,1908,2231,5
/home/txtran/Downloads/sdsGWAS/SDS_2015/Renamed Images/Muscatine/SDS_Muscatine_0730_rep1-1/0502.jpg,2011,1042,3207,2084,5
/home/txtran/Downloads/sdsGWAS/SDS_2015/Renamed Images/Muscatine/SDS_Muscatine_0730_rep1-1/0502.jpg,1552,1,2623,913,4
/home/txtran/Downloads/sdsGWAS/SDS_2015/Renamed Images/Muscatine/SDS_Muscatine_0730_rep1-1/0502.jpg,3122,20,4147,924,5
/home/txtran/Downloads/sdsGWAS/SDS_2015/Renamed Images/Muscatine/SDS_Muscatine_0730_rep1-1/0502.jpg,1715,734,2472,1467,5
/home/txtran/Downloads/sdsGWAS/SDS_2015/Renamed Images/Muscatine/SDS_Muscatine_0730_rep1-1/0502.jpg,2507,338,3490,1055,3
/home/txtran/Downloads/sdsGWAS/SDS_2015/Renamed Images/Muscatine/SDS_Muscatine_0730_rep1-1/0502.jpg,236,21,782,617,3
/home/txtran/Downloads/sdsGWAS/SDS_2015/Renamed Images/Muscatine/SDS_Muscatine_0730_rep1-1/0502.jpg,919,184,1694,876,4
/home/txtran/Downloads/sdsGWAS/SDS_2015/Renamed Images/Muscatine/SDS_Muscatine_0730_rep1-1/0502.jpg,23,1088,1015,1601,3
/home/txtran/Downloads/sdsGWAS/SDS_2015/Renamed Images/Muscatine/SDS_Muscatine_0730_rep1-1/0502.jpg,232,2676,1602,3446,5
/home/txtran/Downloads/sdsGWAS/SDS_2015/Renamed Images/Muscatine/SDS_Muscatine_0730_rep1-1/0502.jpg,7,2138,565,2634,4
/home/txtran/Downloads/sdsGWAS/SDS_2015/Renamed Images/Muscatine/SDS_Muscatine_0730_rep1-1/0502.jpg,1776,3142,2369,3456,5
/home/txtran/Downloads/sdsGWAS/SDS_2015/Renamed Images/Muscatine/SDS_Muscatine_0730_rep1-1/0502.jpg,2211,2063,2511,3259,5
/home/txtran/Downloads/sdsGWAS/SDS_2015/Renamed Images/Muscatine/SDS_Muscatine_0730_rep1-1/0502.jpg,2973,1917,3377,2492,4
/home/txtran/Downloads/sdsGWAS/SDS_2015/Renamed Images/Muscatine/SDS_Muscatine_0730_rep1-1/0502.jpg,4240,971,4894,1909,5
/home/txtran/Downloads/sdsGWAS/SDS_2015/Renamed Images/Muscatine/SDS_Muscatine_0730_rep1-1/0502.jpg,3865,59,4790,1151,5
/home/txtran/Downloads/sdsGWAS/SDS_2015/Renamed Images/Muscatine/SDS_Muscatine_0730_rep1-1/0502.jpg,4955,1600,5184,2409,5
/home/txtran/Downloads/sdsGWAS/SDS_2015/Renamed Images/Muscatine/SDS_Muscatine_0730_rep1-1/0508.jpg,118,1627,1290,2909,4
/home/txtran/Downloads/sdsGWAS/SDS_2015/Renamed Images/Muscatine/SDS_Muscatine_0730_rep1-1/0508.jpg,333,1092,1500,1552,5
/home/txtran/Downloads/sdsGWAS/SDS_2015/Renamed Images/Muscatine/SDS_Muscatine_0730_rep1-1/0508.jpg,3136,220,4261,1970,3
/home/txtran/Downloads/sdsGWAS/SDS_2015/Renamed Images/Muscatine/SDS_Muscatine_0730_rep1-1/0508.jpg,4358,795,4911,2109,5
/home/txtran/Downloads/sdsGWAS/SDS_2015/Renamed Images/Muscatine/SDS_Muscatine_0730_rep1-1/0508.jpg,1533,1438,3093,2249,3
/home/txtran/Downloads/sdsGWAS/SDS_2015/Renamed Images/Muscatine/SDS_Muscatine_0730_rep1-1/0508.jpg,3944,1,4840,321,4
/home/txtran/Downloads/sdsGWAS/SDS_2015/Renamed Images/Muscatine/SDS_Muscatine_0730_rep1-1/0508.jpg,9,1,840,946,1
/home/txtran/Downloads/sdsGWAS/SDS_2015/Renamed Images/Muscatine/SDS_Muscatine_0730_rep1-1/0508.jpg,3807,1617,4465,2438,3
/home/txtran/Downloads/sdsGWAS/SDS_2015/Renamed Images/Muscatine/SDS_Muscatine_0730_rep1-1/0508.jpg,3023,1801,3777,2367,3
/home/txtran/Downloads/sdsGWAS/SDS_2015/Renamed Images/Muscatine/SDS_Muscatine_0730_rep1-1/0805.jpg,72,1202,2393,2417,4
/home/txtran/Downloads/sdsGWAS/SDS_2015/Renamed Images/Muscatine/SDS_Muscatine_0730_rep1-1/0805.jpg,2400,42,3133,1617,5
/home/txtran/Downloads/sdsGWAS/SDS_2015/Renamed Images/Muscatine/SDS_Muscatine_0730_rep1-1/0805.jpg,1633,1906,3072,3352,3
/home/txtran/Downloads/sdsGWAS/SDS_2015/Renamed Images/Muscatine/SDS_Muscatine_0730_rep1-1/0805.jpg,3140,388,3965,1951,3
/home/txtran/Downloads/sdsGWAS/SDS_2015/Renamed Images/Muscatine/SDS_Muscatine_0730_rep1-1/0805.jpg,3190,1955,4252,2605,2
/home/txtran/Downloads/sdsGWAS/SDS_2015/Renamed Images/Muscatine/SDS_Muscatine_0730_rep1-1/0809.jpg,2793,1452,3511,2127,5
/home/txtran/Downloads/sdsGWAS/SDS_2015/Renamed Images/Muscatine/SDS_Muscatine_0730_rep1-1/0809.jpg,1629,2377,2154,3427,5
/home/txtran/Downloads/sdsGWAS/SDS_2015/Renamed Images/Muscatine/SDS_Muscatine_0730_rep1-1/0809.jpg,4250,1727,4914,2802,4
/home/txtran/Downloads/sdsGWAS/SDS_2015/Renamed Images/Muscatine/SDS_Muscatine_0730_rep1-1/0809.jpg,1040,1646,1815,2413,5
/home/txtran/Downloads/sdsGWAS/SDS_2015/Renamed Images/Muscatine/SDS_Muscatine_0730_rep1-1/0809.jpg,1890,1555,2869,2571,3
/home/txtran/Downloads/sdsGWAS/SDS_2015/Renamed Images/Muscatine/SDS_Muscatine_0730_rep1-1/0809.jpg,1,6,607,509,4
/home/txtran/Downloads/sdsGWAS/SDS_2015/Renamed Images/Muscatine/SDS_Muscatine_0730_rep1-1/0809.jpg,593,1,1152,642,4
/home/txtran/Downloads/sdsGWAS/SDS_2015/Renamed Images/Muscatine/SDS_Muscatine_0730_rep1-1/0809.jpg,202,1571,1040,2305,5
/home/txtran/Downloads/sdsGWAS/SDS_2015/Renamed Images/Muscatine/SDS_Muscatine_0730_rep1-1/0809.jpg,773,2309,1648,2826,5
/home/txtran/Downloads/sdsGWAS/SDS_2015/Renamed Images/Muscatine/SDS_Muscatine_0730_rep1-1/0809.jpg,1,1126,573,1735,5
/home/txtran/Downloads/sdsGWAS/SDS_2015/Renamed Images/Muscatine/SDS_Muscatine_0730_rep1-1/0809.jpg,2011,1096,2761,1596,5
/home/txtran/Downloads/sdsGWAS/SDS_2015/Renamed Images/Muscatine/SDS_Muscatine_0730_rep1-1/0809.jpg,2694,830,3323,1480,3
/home/txtran/Downloads/sdsGWAS/SDS_2015/Renamed Images/Muscatine/SDS_Muscatine_0730_rep1-1/0809.jpg,2740,17,3632,638,5
/home/txtran/Downloads/sdsGWAS/SDS_2015/Renamed Images/Muscatine/SDS_Muscatine_0730_rep1-1/0809.jpg,1185,1,2519,371,3
/home/txtran/Downloads/sdsGWAS/SDS_2015/Renamed Images/Muscatine/SDS_Muscatine_0730_rep1-1/0809.jpg,3711,1013,4407,1684,5
/home/txtran/Downloads/sdsGWAS/SDS_2015/Renamed Images/Muscatine/SDS_Muscatine_0730_rep1-1/0809.jpg,3465,1738,4198,2171,5
/home/txtran/Downloads/sdsGWAS/SDS_2015/Renamed Images/Muscatine/SDS_Muscatine_0730_rep1-1/0810.jpg,173,2199,1954,3092,4
/home/txtran/Downloads/sdsGWAS/SDS_2015/Renamed Images/Muscatine/SDS_Muscatine_0730_rep1-1/0810.jpg,4040,2152,4847,3156,5
/home/txtran/Downloads/sdsGWAS/SDS_2015/Renamed Images/Muscatine/SDS_Muscatine_0730_rep1-1/0810.jpg,4186,999,5018,2049,4
/home/txtran/Downloads/sdsGWAS/SDS_2015/Renamed Images/Muscatine/SDS_Muscatine_0730_rep1-1/0810.jpg,1990,1824,2518,2867,4
/home/txtran/Downloads/sdsGWAS/SDS_2015/Renamed Images/Muscatine/SDS_Muscatine_0730_rep1-1/0810.jpg,3458,1374,3911,2463,5
/home/txtran/Downloads/sdsGWAS/SDS_2015/Renamed Images/Muscatine/SDS_Muscatine_0730_rep1-1/0810.jpg,4008,367,4654,1031,5
/home/txtran/Downloads/sdsGWAS/SDS_2015/Renamed Images/Muscatine/SDS_Muscatine_0730_rep1-1/0810.jpg,186,1013,1611,1863,5
/home/txtran/Downloads/sdsGWAS/SDS_2015/Renamed Images/Muscatine/SDS_Muscatine_0730_rep1-1/0810.jpg,1661,988,2161,1996,5
/home/txtran/Downloads/sdsGWAS/SDS_2015/Renamed Images/Muscatine/SDS_Muscatine_0730_rep1-1/0810.jpg,1848,467,2686,1067,4
/home/txtran/Downloads/sdsGWAS/SDS_2015/Renamed Images/Muscatine/SDS_Muscatine_0730_rep1-1/0810.jpg,2886,230,4127,1476,5
/home/txtran/Downloads/sdsGWAS/SDS_2015/Renamed Images/Muscatine/SDS_Muscatine_0730_rep1-1/0810.jpg,3357,2113,4065,2742,5
/home/txtran/Downloads/sdsGWAS/SDS_2015/Renamed Images/Muscatine/SDS_Muscatine_0730_rep1-1/0810.jpg,4611,209,5173,921,3
/home/txtran/Downloads/sdsGWAS/SDS_2015/Renamed Images/Muscatine/SDS_Muscatine_0730_rep1-1/0810.jpg,4077,9,4652,367,3
/home/txtran/Downloads/sdsGWAS/SDS_2015/Renamed Images/Muscatine/SDS_Muscatine_0730_rep1-1/0810.jpg,1140,101,1819,534,2
/home/txtran/Downloads/sdsGWAS/SDS_2015/Renamed Images/Muscatine/SDS_Muscatine_0730_rep1-1/0810.jpg,7,455,865,976,5
/home/txtran/Downloads/sdsGWAS/SDS_2015/Renamed Images/Muscatine/SDS_Muscatine_0730_rep1-1/0810.jpg,594,14,1144,455,2
/home/txtran/Downloads/sdsGWAS/SDS_2015/Renamed Images/Muscatine/SDS_Muscatine_0730_rep1-1/0810.jpg,1432,1413,2382,1946,5
/home/txtran/Downloads/sdsGWAS/SDS_2015/Renamed Images/Muscatine/SDS_Muscatine_0730_rep1-1/0810.jpg,2398,1526,2602,2642,5
/home/txtran/Downloads/sdsGWAS/SDS_2015/Renamed Images/Muscatine/SDS_Muscatine_0730_rep1-1/0905.jpg,861,863,2769,2609,3
/home/txtran/Downloads/sdsGWAS/SDS_2015/Renamed Images/Muscatine/SDS_Muscatine_0730_rep1-1/0905.jpg,3058,1592,4375,2509,3
/home/txtran/Downloads/sdsGWAS/SDS_2015/Renamed Images/Muscatine/SDS_Muscatine_0730_rep1-1/0905.jpg,2818,81,3515,1488,3
/home/txtran/Downloads/sdsGWAS/SDS_2015/Renamed Images/Muscatine/SDS_Muscatine_0730_rep1-1/0905.jpg,3469,559,4382,1171,2
/home/txtran/Downloads/sdsGWAS/SDS_2015/Renamed Images/Muscatine/SDS_Muscatine_0730_rep1-1/0905.jpg,731,2501,1598,3138,2
/home/txtran/Downloads/sdsGWAS/SDS_2015/Renamed Images/Muscatine/SDS_Muscatine_0730_rep1-1/0905.jpg,423,642,1261,1492,3
/home/txtran/Downloads/sdsGWAS/SDS_2015/Renamed Images/Muscatine/SDS_Muscatine_0730_rep1-1/0905.jpg,11,5,919,496,1
/home/txtran/Downloads/sdsGWAS/SDS_2015/Renamed Images/Muscatine/SDS_Muscatine_0730_rep1-1/0905.jpg,65,1280,815,2251,2
/home/txtran/Downloads/sdsGWAS/SDS_2015/Renamed Images/Muscatine/SDS_Muscatine_0730_rep1-1/0911.jpg,107,1428,1616,3405,5
/home/txtran/Downloads/sdsGWAS/SDS_2015/Renamed Images/Muscatine/SDS_Muscatine_0730_rep1-1/0911.jpg,1626,1452,3015,3276,5
/home/txtran/Downloads/sdsGWAS/SDS_2015/Renamed Images/Muscatine/SDS_Muscatine_0730_rep1-1/0911.jpg,3468,817,5090,1749,5
/home/txtran/Downloads/sdsGWAS/SDS_2015/Renamed Images/Muscatine/SDS_Muscatine_0730_rep1-1/0911.jpg,2536,13,3104,1031,5
/home/txtran/Downloads/sdsGWAS/SDS_2015/Renamed Images/Muscatine/SDS_Muscatine_0730_rep1-1/0911.jpg,2128,1,2850,581,5
/home/txtran/Downloads/sdsGWAS/SDS_2015/Renamed Images/Muscatine/SDS_Muscatine_0730_rep1-1/0911.jpg,2090,1150,3018,2088,5
/home/txtran/Downloads/sdsGWAS/SDS_2015/Renamed Images/Muscatine/SDS_Muscatine_0730_rep1-1/0911.jpg,1265,571,2577,1451,5
/home/txtran/Downloads/sdsGWAS/SDS_2015/Renamed Images/Muscatine/SDS_Muscatine_0730_rep1-1/0911.jpg,590,2667,2015,3456,4
/home/txtran/Downloads/sdsGWAS/SDS_2015/Renamed Images/Muscatine/SDS_Muscatine_0730_rep1-1/0911.jpg,2935,1576,3673,3080,4
/home/txtran/Downloads/sdsGWAS/SDS_2015/Renamed Images/Muscatine/SDS_Muscatine_0730_rep1-1/0911.jpg,819,5,1240,346,5
/home/txtran/Downloads/sdsGWAS/SDS_2015/Renamed Images/Muscatine/SDS_Muscatine_0730_rep1-1/0911.jpg,1352,284,2190,651,5
/home/txtran/Downloads/sdsGWAS/SDS_2015/Renamed Images/Muscatine/SDS_Muscatine_0730_rep1-1/0911.jpg,411,309,1377,905,5
/home/txtran/Downloads/sdsGWAS/SDS_2015/Renamed Images/Muscatine/SDS_Muscatine_0730_rep1-1/0911.jpg,3902,355,4398,892,3
/home/txtran/Downloads/sdsGWAS/SDS_2015/Renamed Images/Muscatine/SDS_Muscatine_0730_rep1-1/0911.jpg,4194,251,4927,584,3
/home/txtran/Downloads/sdsGWAS/SDS_2015/Renamed Images/Muscatine/SDS_Muscatine_0730_rep1-1/0911.jpg,3623,13,3982,476,3
/home/txtran/Downloads/sdsGWAS/SDS_2015/Renamed Images/Muscatine/SDS_Muscatine_0730_rep1-1/0911.jpg,4723,1551,5169,2326,3
/home/txtran/Downloads/sdsGWAS/SDS_2015/Renamed Images/Muscatine/SDS_Muscatine_0730_rep1-1/0911.jpg,3344,2209,3957,3092,5
/home/txtran/Downloads/sdsGWAS/SDS_2015/Renamed Images/Muscatine/SDS_Muscatine_0730_rep1-1/1006.jpg,1627,1549,3148,2242,5
/home/txtran/Downloads/sdsGWAS/SDS_2015/Renamed Images/Muscatine/SDS_Muscatine_0730_rep1-1/1006.jpg,1357,734,2965,1667,5
/home/txtran/Downloads/sdsGWAS/SDS_2015/Renamed Images/Muscatine/SDS_Muscatine_0730_rep1-1/1006.jpg,3548,5,4265,1849,4
/home/txtran/Downloads/sdsGWAS/SDS_2015/Renamed Images/Muscatine/SDS_Muscatine_0730_rep1-1/1006.jpg,2540,13,3547,1113,4
/home/txtran/Downloads/sdsGWAS/SDS_2015/Renamed Images/Muscatine/SDS_Muscatine_0730_rep1-1/1006.jpg,1,1076,761,1984,3
/home/txtran/Downloads/sdsGWAS/SDS_2015/Renamed Images/Muscatine/SDS_Muscatine_0730_rep1-1/1006.jpg,1415,2776,2893,3456,2
/home/txtran/Downloads/sdsGWAS/SDS_2015/Renamed Images/Muscatine/SDS_Muscatine_0730_rep1-1/1006.jpg,3961,655,4944,1905,4
/home/txtran/Downloads/sdsGWAS/SDS_2015/Renamed Images/Muscatine/SDS_Muscatine_0730_rep1-1/1006.jpg,3982,26,5144,592,3
/home/txtran/Downloads/sdsGWAS/SDS_2015/Renamed Images/Muscatine/SDS_Muscatine_0730_rep1-1/1006.jpg,3486,2826,3986,3159,4
/home/txtran/Downloads/sdsGWAS/SDS_2015/Renamed Images/Muscatine/SDS_Muscatine_0730_rep1-1/1006.jpg,2836,2817,3411,3267,2
/home/txtran/Downloads/sdsGWAS/SDS_2015/Renamed Images/Muscatine/SDS_Muscatine_0730_rep1-1/1006.jpg,586,392,1416,1475,3
/home/txtran/Downloads/sdsGWAS/SDS_2015/Renamed Images/Muscatine/SDS_Muscatine_0730_rep1-1/1006.jpg,3465,3159,4127,3456,3
/home/txtran/Downloads/sdsGWAS/SDS_2015/Renamed Images/Muscatine/SDS_Muscatine_0730_rep1-1/1006.jpg,3002,1,3977,1592,5
/home/txtran/Downloads/sdsGWAS/SDS_2015/Renamed Images/Muscatine/SDS_Muscatine_0730_rep1-1/1006.jpg,3286,2421,4302,2863,2
/home/txtran/Downloads/sdsGWAS/SDS_2015/Renamed Images/Muscatine/SDS_Muscatine_0730_rep1-1/1008.jpg,1086,1706,2533,2674,3
/home/txtran/Downloads/sdsGWAS/SDS_2015/Renamed Images/Muscatine/SDS_Muscatine_0730_rep1-1/1008.jpg,2581,1071,3782,2117,3
/home/txtran/Downloads/sdsGWAS/SDS_2015/Renamed Images/Muscatine/SDS_Muscatine_0730_rep1-1/1009.jpg,330,2992,835,3736,5
/home/txtran/Downloads/sdsGWAS/SDS_2015/Renamed Images/Muscatine/SDS_Muscatine_0730_rep1-1/1009.jpg,852,4430,1208,4997,5
/home/txtran/Downloads/sdsGWAS/SDS_2015/Renamed Images/Muscatine/SDS_Muscatine_0730_rep1-1/1009.jpg,1608,3836,2180,4403,5
/home/txtran/Downloads/sdsGWAS/SDS_2015/Renamed Images/Muscatine/SDS_Muscatine_0730_rep1-1/1009.jpg,708,2942,1308,3408,5
/home/txtran/Downloads/sdsGWAS/SDS_2015/Renamed Images/Muscatine/SDS_Muscatine_0730_rep1-1/1009.jpg,1263,963,2325,1376,5
/home/txtran/Downloads/sdsGWAS/SDS_2015/Renamed Images/Muscatine/SDS_Muscatine_0730_rep1-1/1009.jpg,912,1,1637,845,3
/home/txtran/Downloads/sdsGWAS/SDS_2015/Renamed Images/Muscatine/SDS_Muscatine_0730_rep1-1/1009.jpg,281,26,937,1013,3
/home/txtran/Downloads/sdsGWAS/SDS_2015/Renamed Images/Muscatine/SDS_Muscatine_0730_rep1-1/1009.jpg,237,2532,900,2938,5
/home/txtran/Downloads/sdsGWAS/SDS_2015/Renamed Images/Muscatine/SDS_Muscatine_0730_rep1-1/1009.jpg,1206,4413,1600,5184,5
/home/txtran/Downloads/sdsGWAS/SDS_2015/Renamed Images/Muscatine/SDS_Muscatine_0730_rep1-1/1009.jpg,1550,4501,1968,5184,5
/home/txtran/Downloads/sdsGWAS/SDS_2015/Renamed Images/Muscatine/SDS_Muscatine_0730_rep1-1/1009.jpg,1969,4745,2365,5184,5
/home/txtran/Downloads/sdsGWAS/SDS_2015/Renamed Images/Muscatine/SDS_Muscatine_0730_rep1-1/1009.jpg,1587,3238,1812,3832,5
/home/txtran/Downloads/sdsGWAS/SDS_2015/Renamed Images/Muscatine/SDS_Muscatine_0730_rep1-1/1102.jpg,3422,1313,4354,3431,3
/home/txtran/Downloads/sdsGWAS/SDS_2015/Renamed Images/Muscatine/SDS_Muscatine_0730_rep1-1/1102.jpg,1158,495,3336,1213,3
/home/txtran/Downloads/sdsGWAS/SDS_2015/Renamed Images/Muscatine/SDS_Muscatine_0730_rep1-1/1102.jpg,3469,21,5161,755,3
/home/txtran/Downloads/sdsGWAS/SDS_2015/Renamed Images/Muscatine/SDS_Muscatine_0730_rep1-1/1102.jpg,660,1204,1985,2508,2
/home/txtran/Downloads/sdsGWAS/SDS_2015/Renamed Images/Muscatine/SDS_Muscatine_0730_rep1-1/1102.jpg,1248,1238,2948,2476,3
/home/txtran/Downloads/sdsGWAS/SDS_2015/Renamed Images/Muscatine/SDS_Muscatine_0730_rep1-1/1104.jpg,2790,1270,3843,2381,4
/home/txtran/Downloads/sdsGWAS/SDS_2015/Renamed Images/Muscatine/SDS_Muscatine_0730_rep1-1/1104.jpg,1464,455,2844,1188,2
/home/txtran/Downloads/sdsGWAS/SDS_2015/Renamed Images/Muscatine/SDS_Muscatine_0730_rep1-1/1104.jpg,1758,1449,2475,2549,4
/home/txtran/Downloads/sdsGWAS/SDS_2015/Renamed Images/Muscatine/SDS_Muscatine_0730_rep1-1/1104.jpg,4054,1816,5168,2667,4
/home/txtran/Downloads/sdsGWAS/SDS_2015/Renamed Images/Muscatine/SDS_Muscatine_0730_rep1-1/1104.jpg,404,31,1358,756,3
/home/txtran/Downloads/sdsGWAS/SDS_2015/Renamed Images/Muscatine/SDS_Muscatine_0730_rep1-1/1104.jpg,2691,642,3501,1313,3
/home/txtran/Downloads/sdsGWAS/SDS_2015/Renamed Images/Muscatine/SDS_Muscatine_0730_rep1-1/1104.jpg,3823,972,4598,1956,3
/home/txtran/Downloads/sdsGWAS/SDS_2015/Renamed Images/Muscatine/SDS_Muscatine_0730_rep1-1/1104.jpg,61,2434,1532,3456,3
/home/txtran/Downloads/sdsGWAS/SDS_2015/Renamed Images/Muscatine/SDS_Muscatine_0730_rep1-1/1104.jpg,1,1526,340,2351,1
/home/txtran/Downloads/sdsGWAS/SDS_2015/Renamed Images/Muscatine/SDS_Muscatine_0730_rep1-1/1104.jpg,461,796,1469,1330,3
/home/txtran/Downloads/sdsGWAS/SDS_2015/Renamed Images/Muscatine/SDS_Muscatine_0730_rep1-1/1104.jpg,2169,9,3194,626,2
/home/txtran/Downloads/sdsGWAS/SDS_2015/Renamed Images/Muscatine/SDS_Muscatine_0730_rep1-1/1109.jpg,2175,780,3036,2030,3
/home/txtran/Downloads/sdsGWAS/SDS_2015/Renamed Images/Muscatine/SDS_Muscatine_0730_rep1-1/1109.jpg,1722,1352,2247,2217,4
/home/txtran/Downloads/sdsGWAS/SDS_2015/Renamed Images/Muscatine/SDS_Muscatine_0730_rep1-1/1109.jpg,2225,2077,3044,2738,3
/home/txtran/Downloads/sdsGWAS/SDS_2015/Renamed Images/Muscatine/SDS_Muscatine_0730_rep1-1/1109.jpg,269,1126,1173,2121,2
/home/txtran/Downloads/sdsGWAS/SDS_2015/Renamed Images/Muscatine/SDS_Muscatine_0730_rep1-1/1109.jpg,769,101,1552,1030,2
/home/txtran/Downloads/sdsGWAS/SDS_2015/Renamed Images/Muscatine/SDS_Muscatine_0730_rep1-1/1109.jpg,2607,13,3344,780,2
/home/txtran/Downloads/sdsGWAS/SDS_2015/Renamed Images/Muscatine/SDS_Muscatine_0730_rep1-1/1109.jpg,2748,2163,3069,3126,3
/home/txtran/Downloads/sdsGWAS/SDS_2015/Renamed Images/Muscatine/SDS_Muscatine_0730_rep1-1/1112.jpg,3958,1630,4652,2059,4
/home/txtran/Downloads/sdsGWAS/SDS_2015/Renamed Images/Muscatine/SDS_Muscatine_0730_rep1-1/1112.jpg,2509,879,3319,1630,2
/home/txtran/Downloads/sdsGWAS/SDS_2015/Renamed Images/Muscatine/SDS_Muscatine_0730_rep1-1/1112.jpg,3345,585,4111,1618,2
/home/txtran/Downloads/sdsGWAS/SDS_2015/Renamed Images/Muscatine/SDS_Muscatine_0730_rep1-1/1112.jpg,2965,1588,3519,2126,2
/home/txtran/Downloads/sdsGWAS/SDS_2015/Renamed Images/Muscatine/SDS_Muscatine_0730_rep1-1/1112.jpg,3532,1892,3869,2138,2
/home/txtran/Downloads/sdsGWAS/SDS_2015/Renamed Images/Muscatine/SDS_Muscatine_0730_rep1-1/1202.jpg,2125,2745,3125,3395,3
/home/txtran/Downloads/sdsGWAS/SDS_2015/Renamed Images/Muscatine/SDS_Muscatine_0730_rep1-1/1202.jpg,1822,2020,2343,2727,3
/home/txtran/Downloads/sdsGWAS/SDS_2015/Renamed Images/Muscatine/SDS_Muscatine_0730_rep1-1/1202.jpg,1111,2774,1872,3363,3
/home/txtran/Downloads/sdsGWAS/SDS_2015/Renamed Images/Muscatine/SDS_Muscatine_0730_rep1-1/1202.jpg,3890,792,4404,1267,3
/home/txtran/Downloads/sdsGWAS/SDS_2015/Renamed Images/Muscatine/SDS_Muscatine_0730_rep1-1/1202.jpg,4450,731,4883,1184,3
/home/txtran/Downloads/sdsGWAS/SDS_2015/Renamed Images/Muscatine/SDS_Muscatine_0730_rep1-1/1202.jpg,2147,1427,2711,2267,3
/home/txtran/Downloads/sdsGWAS/SDS_2015/Renamed Images/Muscatine/SDS_Muscatine_0730_rep1-1/1202.jpg,2422,1067,3115,1613,2
/home/txtran/Downloads/sdsGWAS/SDS_2015/Renamed Images/Muscatine/SDS_Muscatine_0730_rep1-1/1202.jpg,783,1138,1533,1524,2
/home/txtran/Downloads/sdsGWAS/SDS_2015/Renamed Images/Muscatine/SDS_Muscatine_0730_rep1-1/1202.jpg,197,767,750,1456,2
/home/txtran/Downloads/sdsGWAS/SDS_2015/Renamed Images/Muscatine/SDS_Muscatine_0730_rep1-1/1202.jpg,222,371,582,731,5
/home/txtran/Downloads/sdsGWAS/SDS_2015/Renamed Images/Muscatine/SDS_Muscatine_0730_rep1-1/1202.jpg,4236,1309,4700,1784,3
/home/txtran/Downloads/sdsGWAS/SDS_2015/Renamed Images/Muscatine/SDS_Muscatine_0730_rep1-1/1202.jpg,165,2942,1097,3384,3
/home/txtran/Downloads/sdsGWAS/SDS_2015/Renamed Images/Muscatine/SDS_Muscatine_0730_rep1-1/1202.jpg,4223,196,4602,484,3
/home/txtran/Downloads/sdsGWAS/SDS_2015/Renamed Images/Muscatine/SDS_Muscatine_0730_rep1-1/1202.jpg,4573,1,5023,251,3
/home/txtran/Downloads/sdsGWAS/SDS_2015/Renamed Images/Muscatine/SDS_Muscatine_0730_rep1-1/1202.jpg,2374,1,2877,255,3
/home/txtran/Downloads/sdsGWAS/SDS_2015/Renamed Images/Muscatine/SDS_Muscatine_0730_rep1-1/1202.jpg,748,1,1265,342,3
/home/txtran/Downloads/sdsGWAS/SDS_2015/Renamed Images/Muscatine/SDS_Muscatine_0730_rep1-1/1202.jpg,2090,46,2452,455,5
/home/txtran/Downloads/sdsGWAS/SDS_2015/Renamed Images/Muscatine/SDS_Muscatine_0730_rep1-1/1202.jpg,1902,530,2640,905,2
/home/txtran/Downloads/sdsGWAS/SDS_2015/Renamed Images/Muscatine/SDS_Muscatine_0730_rep1-1/1202.jpg,1586,763,1961,1271,2
/home/txtran/Downloads/sdsGWAS/SDS_2015/Renamed Images/Muscatine/SDS_Muscatine_0730_rep1-1/1202.jpg,3119,1288,3557,1688,3
/home/txtran/Downloads/sdsGWAS/SDS_2015/Renamed Images/Muscatine/SDS_Muscatine_0730_rep1-1/1202.jpg,3402,1896,4098,2584,4
/home/txtran/Downloads/sdsGWAS/SDS_2015/Renamed Images/Muscatine/SDS_Muscatine_0730_rep1-1/1202.jpg,3902,1663,4586,2001,3
/home/txtran/Downloads/sdsGWAS/SDS_2015/Renamed Images/Muscatine/SDS_Muscatine_0730_rep1-1/1202.jpg,4682,1405,5090,1767,3
/home/txtran/Downloads/sdsGWAS/SDS_2015/Renamed Images/Muscatine/SDS_Muscatine_0730_rep1-1/1202.jpg,1065,859,1402,1013,5
/home/txtran/Downloads/sdsGWAS/SDS_2015/Renamed Images/Muscatine/SDS_Muscatine_0730_rep1-1/1202.jpg,4932,888,5177,1359,3
/home/txtran/Downloads/sdsGWAS/SDS_2015/Renamed Images/Muscatine/SDS_Muscatine_0730_rep1-1/1203.jpg,3852,542,4754,984,5
/home/txtran/Downloads/sdsGWAS/SDS_2015/Renamed Images/Muscatine/SDS_Muscatine_0730_rep1-1/1203.jpg,3272,2613,4061,3449,3
/home/txtran/Downloads/sdsGWAS/SDS_2015/Renamed Images/Muscatine/SDS_Muscatine_0730_rep1-1/1203.jpg,3100,1859,3825,2595,2
/home/txtran/Downloads/sdsGWAS/SDS_2015/Renamed Images/Muscatine/SDS_Muscatine_0730_rep1-1/1203.jpg,2390,396,2948,1156,3
/home/txtran/Downloads/sdsGWAS/SDS_2015/Renamed Images/Muscatine/SDS_Muscatine_0730_rep1-1/1203.jpg,265,584,644,1230,1
/home/txtran/Downloads/sdsGWAS/SDS_2015/Renamed Images/Muscatine/SDS_Muscatine_0730_rep1-1/1203.jpg,15,801,252,1296,2
/home/txtran/Downloads/sdsGWAS/SDS_2015/Renamed Images/Muscatine/SDS_Muscatine_0730_rep1-1/1203.jpg,2523,2030,2836,2530,4
/home/txtran/Downloads/sdsGWAS/SDS_2015/Renamed Images/Muscatine/SDS_Muscatine_0730_rep1-1/1203.jpg,2257,984,2757,1601,4
/home/txtran/Downloads/sdsGWAS/SDS_2015/Renamed Images/Muscatine/SDS_Muscatine_0730_rep1-1/1203.jpg,3648,259,4073,792,5
/home/txtran/Downloads/sdsGWAS/SDS_2015/Renamed Images/Muscatine/SDS_Muscatine_0730_rep1-1/1203.jpg,3527,863,3952,1284,3
/home/txtran/Downloads/sdsGWAS/SDS_2015/Renamed Images/Muscatine/SDS_Muscatine_0730_rep1-1/1203.jpg,3002,201,3257,488,3
/home/txtran/Downloads/sdsGWAS/SDS_2015/Renamed Images/Muscatine/SDS_Muscatine_0730_rep1-1/1206.jpg,1590,124,2275,1277,3
/home/txtran/Downloads/sdsGWAS/SDS_2015/Renamed Images/Muscatine/SDS_Muscatine_0730_rep1-1/1206.jpg,3265,1517,3797,1846,5
/home/txtran/Downloads/sdsGWAS/SDS_2015/Renamed Images/Muscatine/SDS_Muscatine_0730_rep1-1/1206.jpg,1898,1313,3052,2409,3
/home/txtran/Downloads/sdsGWAS/SDS_2015/Renamed Images/Muscatine/SDS_Muscatine_0730_rep1-1/1206.jpg,3411,1892,3998,2313,5
/home/txtran/Downloads/sdsGWAS/SDS_2015/Renamed Images/Muscatine/SDS_Muscatine_0730_rep1-1/1206.jpg,3873,563,5173,1717,3
/home/txtran/Downloads/sdsGWAS/SDS_2015/Renamed Images/Muscatine/SDS_Muscatine_0730_rep1-1/1206.jpg,3690,1505,4461,1892,5
/home/txtran/Downloads/sdsGWAS/SDS_2015/Renamed Images/Muscatine/SDS_Muscatine_0730_rep1-1/1211.jpg,1391,3358,2269,4580,2
/home/txtran/Downloads/sdsGWAS/SDS_2015/Renamed Images/Muscatine/SDS_Muscatine_0730_rep1-1/1212.jpg,1822,920,3215,2688,2
/home/txtran/Downloads/sdsGWAS/SDS_2015/Renamed Images/Muscatine/SDS_Muscatine_0730_rep1-1/1212.jpg,3229,1431,4286,2602,2
/home/txtran/Downloads/sdsGWAS/SDS_2015/Renamed Images/Muscatine/SDS_Muscatine_0730_rep1-1/1212.jpg,836,1942,1786,2963,1
/home/txtran/Downloads/sdsGWAS/SDS_2015/Renamed Images/Muscatine/SDS_Muscatine_0730_rep1-1/1212.jpg,2032,38,3140,1101,1
/home/txtran/Downloads/sdsGWAS/SDS_2015/Renamed Images/Muscatine/SDS_Muscatine_0730_rep1-1/1212.jpg,2721,1,4444,1280,1
/home/txtran/Downloads/sdsGWAS/SDS_2015/Renamed Images/Muscatine/SDS_Muscatine_0730_rep1-1/1212.jpg,4452,13,5136,555,2
/home/txtran/Downloads/sdsGWAS/SDS_2015/Renamed Images/Muscatine/SDS_Muscatine_0730_rep1-1/1302.jpg,385,1464,1308,2642,5
/home/txtran/Downloads/sdsGWAS/SDS_2015/Renamed Images/Muscatine/SDS_Muscatine_0730_rep1-1/1302.jpg,2408,2464,2991,3586,5
/home/txtran/Downloads/sdsGWAS/SDS_2015/Renamed Images/Muscatine/SDS_Muscatine_0730_rep1-1/1302.jpg,513,2736,1358,3547,5
/home/txtran/Downloads/sdsGWAS/SDS_2015/Renamed Images/Muscatine/SDS_Muscatine_0730_rep1-1/1302.jpg,8,2014,774,2942,5
/home/txtran/Downloads/sdsGWAS/SDS_2015/Renamed Images/Muscatine/SDS_Muscatine_0730_rep1-1/1302.jpg,1181,3870,2244,5157,3
/home/txtran/Downloads/sdsGWAS/SDS_2015/Renamed Images/Muscatine/SDS_Muscatine_0730_rep1-1/1302.jpg,1356,2695,2394,3670,3
/home/txtran/Downloads/sdsGWAS/SDS_2015/Renamed Images/Muscatine/SDS_Muscatine_0730_rep1-1/1302.jpg,2499,1851,3450,2520,5
/home/txtran/Downloads/sdsGWAS/SDS_2015/Renamed Images/Muscatine/SDS_Muscatine_0730_rep1-1/1302.jpg,2912,2407,3450,3020,5
/home/txtran/Downloads/sdsGWAS/SDS_2015/Renamed Images/Muscatine/SDS_Muscatine_0730_rep1-1/1302.jpg,1181,1207,2194,2001,3
/home/txtran/Downloads/sdsGWAS/SDS_2015/Renamed Images/Muscatine/SDS_Muscatine_0730_rep1-1/1302.jpg,2294,1501,3150,2276,3
/home/txtran/Downloads/sdsGWAS/SDS_2015/Renamed Images/Muscatine/SDS_Muscatine_0730_rep1-1/1302.jpg,2800,288,3456,1463,3
/home/txtran/Downloads/sdsGWAS/SDS_2015/Renamed Images/Muscatine/SDS_Muscatine_0730_rep1-1/1305.jpg,2547,520,3618,1602,2
/home/txtran/Downloads/sdsGWAS/SDS_2015/Renamed Images/Muscatine/SDS_Muscatine_0730_rep1-1/1305.jpg,1183,2699,2129,3370,1
/home/txtran/Downloads/sdsGWAS/SDS_2015/Renamed Images/Muscatine/SDS_Muscatine_0730_rep1-1/1305.jpg,1000,1331,1650,2309,2
/home/txtran/Downloads/sdsGWAS/SDS_2015/Renamed Images/Muscatine/SDS_Muscatine_0730_rep1-1/1305.jpg,4350,2088,5004,2770,2
/home/txtran/Downloads/sdsGWAS/SDS_2015/Renamed Images/Muscatine/SDS_Muscatine_0730_rep1-1/1305.jpg,1198,188,1961,1180,2
/home/txtran/Downloads/sdsGWAS/SDS_2015/Renamed Images/Muscatine/SDS_Muscatine_0730_rep1-1/1312.jpg,3136,1356,3808,2288,5
/home/txtran/Downloads/sdsGWAS/SDS_2015/Renamed Images/Muscatine/SDS_Muscatine_0730_rep1-1/1312.jpg,643,1770,1758,2377,5
/home/txtran/Downloads/sdsGWAS/SDS_2015/Renamed Images/Muscatine/SDS_Muscatine_0730_rep1-1/1312.jpg,825,2359,1819,3451,4
/home/txtran/Downloads/sdsGWAS/SDS_2015/Renamed Images/Muscatine/SDS_Muscatine_0730_rep1-1/1312.jpg,1322,34,1661,634,3
/home/txtran/Downloads/sdsGWAS/SDS_2015/Renamed Images/Muscatine/SDS_Muscatine_0730_rep1-1/1312.jpg,1402,513,1690,1321,2
/home/txtran/Downloads/sdsGWAS/SDS_2015/Renamed Images/Muscatine/SDS_Muscatine_0730_rep1-1/1312.jpg,336,343,1478,1055,3
/home/txtran/Downloads/sdsGWAS/SDS_2015/Renamed Images/Muscatine/SDS_Muscatine_0730_rep1-1/1312.jpg,2515,317,3573,1238,4
/home/txtran/Downloads/sdsGWAS/SDS_2015/Renamed Images/Muscatine/SDS_Muscatine_0730_rep1-1/1312.jpg,2982,205,3611,1284,3
/home/txtran/Downloads/sdsGWAS/SDS_2015/Renamed Images/Muscatine/SDS_Muscatine_0730_rep1-1/1312.jpg,3877,2813,4627,3442,2
/home/txtran/Downloads/sdsGWAS/SDS_2015/Renamed Images/Muscatine/SDS_Muscatine_0730_rep1-1/1312.jpg,3277,3155,3802,3451,2
/home/txtran/Downloads/sdsGWAS/SDS_2015/Renamed Images/Muscatine/SDS_Muscatine_0730_rep1-1/1312.jpg,3615,351,4227,1263,2
/home/txtran/Downloads/sdsGWAS/SDS_2015/Renamed Images/Muscatine/SDS_Muscatine_0730_rep1-1/1312.jpg,2215,1651,2711,1921,3
/home/txtran/Downloads/sdsGWAS/SDS_2015/Renamed Images/Muscatine/SDS_Muscatine_0730_rep1-1/1503.jpg,4215,1506,5133,2217,3
/home/txtran/Downloads/sdsGWAS/SDS_2015/Renamed Images/Muscatine/SDS_Muscatine_0730_rep1-1/1503.jpg,3593,1920,4204,2531,5
/home/txtran/Downloads/sdsGWAS/SDS_2015/Renamed Images/Muscatine/SDS_Muscatine_0730_rep1-1/1503.jpg,3086,317,3598,1001,2
/home/txtran/Downloads/sdsGWAS/SDS_2015/Renamed Images/Muscatine/SDS_Muscatine_0730_rep1-1/1505.jpg,968,506,1293,1099,5
/home/txtran/Downloads/sdsGWAS/SDS_2015/Renamed Images/Muscatine/SDS_Muscatine_0730_rep1-1/1505.jpg,1225,477,1719,1584,5
/home/txtran/Downloads/sdsGWAS/SDS_2015/Renamed Images/Muscatine/SDS_Muscatine_0730_rep1-1/1505.jpg,3754,1384,4118,1899,5
/home/txtran/Downloads/sdsGWAS/SDS_2015/Renamed Images/Muscatine/SDS_Muscatine_0730_rep1-1/1505.jpg,936,1145,1454,1513,5
/home/txtran/Downloads/sdsGWAS/SDS_2015/Renamed Images/Muscatine/SDS_Muscatine_0730_rep1-1/1505.jpg,2325,963,2736,1452,5
/home/txtran/Downloads/sdsGWAS/SDS_2015/Renamed Images/Muscatine/SDS_Muscatine_0730_rep1-1/1505.jpg,4547,1545,4908,2092,4
/home/txtran/Downloads/sdsGWAS/SDS_2015/Renamed Images/Muscatine/SDS_Muscatine_0730_rep1-1/1505.jpg,4193,2399,4886,3071,5
/home/txtran/Downloads/sdsGWAS/SDS_2015/Renamed Images/Muscatine/SDS_Muscatine_0730_rep1-1/1505.jpg,427,521,1044,917,4
/home/txtran/Downloads/sdsGWAS/SDS_2015/Renamed Images/Muscatine/SDS_Muscatine_0730_rep1-1/1505.jpg,740,1651,1673,2230,4
/home/txtran/Downloads/sdsGWAS/SDS_2015/Renamed Images/Muscatine/SDS_Muscatine_0730_rep1-1/1505.jpg,1352,1892,1957,2488,4
/home/txtran/Downloads/sdsGWAS/SDS_2015/Renamed Images/Muscatine/SDS_Muscatine_0730_rep1-1/1505.jpg,1665,1001,2194,1746,5
/home/txtran/Downloads/sdsGWAS/SDS_2015/Renamed Images/Muscatine/SDS_Muscatine_0730_rep1-1/1505.jpg,3494,1863,4173,2317,5
/home/txtran/Downloads/sdsGWAS/SDS_2015/Renamed Images/Muscatine/SDS_Muscatine_0730_rep1-1/1505.jpg,2244,226,2598,909,5
/home/txtran/Downloads/sdsGWAS/SDS_2015/Renamed Images/Muscatine/SDS_Muscatine_0730_rep1-1/1505.jpg,2411,5,2740,476,5
/home/txtran/Downloads/sdsGWAS/SDS_2015/Renamed Images/Muscatine/SDS_Muscatine_0730_rep1-1/1505.jpg,2619,467,3119,959,5
/home/txtran/Downloads/sdsGWAS/SDS_2015/Renamed Images/Muscatine/SDS_Muscatine_0730_rep1-1/1505.jpg,4232,3176,4657,3446,5
/home/txtran/Downloads/sdsGWAS/SDS_2015/Renamed Images/Muscatine/SDS_Muscatine_0730_rep1-1/1505.jpg,3882,3176,4198,3456,5
/home/txtran/Downloads/sdsGWAS/SDS_2015/Renamed Images/Muscatine/SDS_Muscatine_0730_rep1-1/1505.jpg,3352,3096,3811,3451,5
/home/txtran/Downloads/sdsGWAS/SDS_2015/Renamed Images/Muscatine/SDS_Muscatine_0730_rep1-1/1505.jpg,2390,3122,3019,3456,4
/home/txtran/Downloads/sdsGWAS/SDS_2015/Renamed Images/Muscatine/SDS_Muscatine_0730_rep1-1/1505.jpg,4607,2042,5148,2355,4
/home/txtran/Downloads/sdsGWAS/SDS_2015/Renamed Images/Muscatine/SDS_Muscatine_0730_rep1-1/1505.jpg,4294,1313,4748,1680,3
/home/txtran/Downloads/sdsGWAS/SDS_2015/Renamed Images/Muscatine/SDS_Muscatine_0730_rep1-1/1505.jpg,4102,1671,4523,2034,5
/home/txtran/Downloads/sdsGWAS/SDS_2015/Renamed Images/Muscatine/SDS_Muscatine_0730_rep1-1/1505.jpg,3257,1267,3757,1546,5
/home/txtran/Downloads/sdsGWAS/SDS_2015/Renamed Images/Muscatine/SDS_Muscatine_0730_rep1-1/1505.jpg,3015,3121,3307,3338,5
/home/txtran/Downloads/sdsGWAS/SDS_2015/Renamed Images/Muscatine/SDS_Muscatine_0730_rep1-1/1509.jpg,2097,1452,2508,2027,5
/home/txtran/Downloads/sdsGWAS/SDS_2015/Renamed Images/Muscatine/SDS_Muscatine_0730_rep1-1/1509.jpg,1086,2159,1454,2552,3
/home/txtran/Downloads/sdsGWAS/SDS_2015/Renamed Images/Muscatine/SDS_Muscatine_0730_rep1-1/1509.jpg,461,1881,1108,2352,3
/home/txtran/Downloads/sdsGWAS/SDS_2015/Renamed Images/Muscatine/SDS_Muscatine_0730_rep1-1/1509.jpg,2890,1592,3179,2099,4
/home/txtran/Downloads/sdsGWAS/SDS_2015/Renamed Images/Muscatine/SDS_Muscatine_0730_rep1-1/1509.jpg,4108,2906,5022,3445,1
/home/txtran/Downloads/sdsGWAS/SDS_2015/Renamed Images/Muscatine/SDS_Muscatine_0730_rep1-1/1509.jpg,998,1480,1407,2038,4
/home/txtran/Downloads/sdsGWAS/SDS_2015/Renamed Images/Muscatine/SDS_Muscatine_0730_rep1-1/1509.jpg,1665,1621,2065,2242,3
/home/txtran/Downloads/sdsGWAS/SDS_2015/Renamed Images/Muscatine/SDS_Muscatine_0730_rep1-1/1610.jpg,1311,317,2993,1770,2
/home/txtran/Downloads/sdsGWAS/SDS_2015/Renamed Images/Muscatine/SDS_Muscatine_0730_rep1-1/1610.jpg,311,1727,2018,3449,1
/home/txtran/Downloads/sdsGWAS/SDS_2015/Renamed Images/Muscatine/SDS_Muscatine_0730_rep1-1/1610.jpg,3339,1450,4282,2713,3
/home/txtran/Downloads/sdsGWAS/SDS_2015/Renamed Images/Muscatine/SDS_Muscatine_0730_rep1-1/1610.jpg,2015,1492,2840,2321,3
/home/txtran/Downloads/sdsGWAS/SDS_2015/Renamed Images/Muscatine/SDS_Muscatine_0730_rep1-1/1810.jpg,3854,2470,4697,2981,5
/home/txtran/Downloads/sdsGWAS/SDS_2015/Renamed Images/Muscatine/SDS_Muscatine_0730_rep1-1/1810.jpg,2022,1967,2782,2426,5
/home/txtran/Downloads/sdsGWAS/SDS_2015/Renamed Images/Muscatine/SDS_Muscatine_0730_rep1-1/1810.jpg,2111,1563,2969,1952,5
/home/txtran/Downloads/sdsGWAS/SDS_2015/Renamed Images/Muscatine/SDS_Muscatine_0730_rep1-1/1810.jpg,3640,127,4083,906,5
/home/txtran/Downloads/sdsGWAS/SDS_2015/Renamed Images/Muscatine/SDS_Muscatine_0730_rep1-1/1810.jpg,3223,1774,3693,2509,5
/home/txtran/Downloads/sdsGWAS/SDS_2015/Renamed Images/Muscatine/SDS_Muscatine_0730_rep1-1/1810.jpg,4540,1342,5179,1842,3
/home/txtran/Downloads/sdsGWAS/SDS_2015/Renamed Images/Muscatine/SDS_Muscatine_0730_rep1-1/1810.jpg,3911,2945,4418,3452,5
/home/txtran/Downloads/sdsGWAS/SDS_2015/Renamed Images/Muscatine/SDS_Muscatine_0730_rep1-1/1810.jpg,118,692,729,1431,5
/home/txtran/Downloads/sdsGWAS/SDS_2015/Renamed Images/Muscatine/SDS_Muscatine_0730_rep1-1/1810.jpg,1669,13,2311,855,4
/home/txtran/Downloads/sdsGWAS/SDS_2015/Renamed Images/Muscatine/SDS_Muscatine_0730_rep1-1/1810.jpg,1773,971,2498,1401,4
/home/txtran/Downloads/sdsGWAS/SDS_2015/Renamed Images/Muscatine/SDS_Muscatine_0730_rep1-1/1810.jpg,1265,780,1769,1192,3
/home/txtran/Downloads/sdsGWAS/SDS_2015/Renamed Images/Muscatine/SDS_Muscatine_0730_rep1-1/1810.jpg,2982,863,3648,1159,5
/home/txtran/Downloads/sdsGWAS/SDS_2015/Renamed Images/Muscatine/SDS_Muscatine_0730_rep1-1/1810.jpg,1494,2301,1986,3009,4
/home/txtran/Downloads/sdsGWAS/SDS_2015/Renamed Images/Muscatine/SDS_Muscatine_0730_rep1-1/1810.jpg,3998,1396,4511,2221,3
/home/txtran/Downloads/sdsGWAS/SDS_2015/Renamed Images/Muscatine/SDS_Muscatine_0730_rep1-1/1810.jpg,4136,180,4627,826,3
/home/txtran/Downloads/sdsGWAS/SDS_2015/Renamed Images/Muscatine/SDS_Muscatine_0730_rep1-1/1810.jpg,2007,2501,2440,3026,3
/home/txtran/Downloads/sdsGWAS/SDS_2015/Renamed Images/Muscatine/SDS_Muscatine_0730_rep1-1/1810.jpg,1773,3034,2653,3456,3
/home/txtran/Downloads/sdsGWAS/SDS_2015/Renamed Images/Muscatine/SDS_Muscatine_0730_rep1-1/1810.jpg,2419,2646,2973,2917,3
/home/txtran/Downloads/sdsGWAS/SDS_2015/Renamed Images/Muscatine/SDS_Muscatine_0730_rep1-1/1810.jpg,2615,2971,3210,3196,4
/home/txtran/Downloads/sdsGWAS/SDS_2015/Renamed Images/Muscatine/SDS_Muscatine_0730_rep1-1/1810.jpg,3194,3134,3773,3455,3
/home/txtran/Downloads/sdsGWAS/SDS_2015/Renamed Images/Muscatine/SDS_Muscatine_0730_rep1-1/1810.jpg,3690,992,3990,1659,3
/home/txtran/Downloads/sdsGWAS/SDS_2015/Renamed Images/Muscatine/SDS_Muscatine_0730_rep1-1/1810.jpg,2477,96,3332,817,1
/home/txtran/Downloads/sdsGWAS/SDS_2015/Renamed Images/Muscatine/SDS_Muscatine_0730_rep1-1/1903.jpg,1575,1699,2468,2363,2
/home/txtran/Downloads/sdsGWAS/SDS_2015/Renamed Images/Muscatine/SDS_Muscatine_0730_rep1-1/1903.jpg,1811,2451,2802,2951,3
/home/txtran/Downloads/sdsGWAS/SDS_2015/Renamed Images/Muscatine/SDS_Muscatine_0730_rep1-1/1903.jpg,2148,2876,2927,3446,2
/home/txtran/Downloads/sdsGWAS/SDS_2015/Renamed Images/Muscatine/SDS_Muscatine_0730_rep1-1/1911.jpg,3465,2238,4208,3049,3
/home/txtran/Downloads/sdsGWAS/SDS_2015/Renamed Images/Muscatine/SDS_Muscatine_0730_rep1-1/1911.jpg,3779,1388,4907,1870,4
/home/txtran/Downloads/sdsGWAS/SDS_2015/Renamed Images/Muscatine/SDS_Muscatine_0730_rep1-1/1911.jpg,943,1599,1586,2417,2
/home/txtran/Downloads/sdsGWAS/SDS_2015/Renamed Images/Muscatine/SDS_Muscatine_0730_rep1-1/1911.jpg,3465,688,4136,1513,2
/home/txtran/Downloads/sdsGWAS/SDS_2015/Renamed Images/Muscatine/SDS_Muscatine_0730_rep1-1/1911.jpg,1007,2451,1677,3456,3
/home/txtran/Downloads/sdsGWAS/SDS_2015/Renamed Images/Muscatine/SDS_Muscatine_0730_rep1-1/1911.jpg,32,2371,1015,3217,4
/home/txtran/Downloads/sdsGWAS/SDS_2015/Renamed Images/Muscatine/SDS_Muscatine_0730_rep1-1/1911.jpg,3452,1880,4365,2176,3
/home/txtran/Downloads/sdsGWAS/SDS_2015/Renamed Images/Muscatine/SDS_Muscatine_0730_rep1-1/1911.jpg,3127,1946,3440,2501,3
/home/txtran/Downloads/sdsGWAS/SDS_2015/Renamed Images/Muscatine/SDS_Muscatine_0730_rep1-1/1911.jpg,2961,1138,3694,1917,4
/home/txtran/Downloads/sdsGWAS/SDS_2015/Renamed Images/Muscatine/SDS_Muscatine_0730_rep1-1/1911.jpg,2944,634,3202,1134,4
/home/txtran/Downloads/sdsGWAS/SDS_2015/Renamed Images/Muscatine/SDS_Muscatine_0730_rep1-1/2103.jpg,2400,1306,3161,1909,3
/home/txtran/Downloads/sdsGWAS/SDS_2015/Renamed Images/Muscatine/SDS_Muscatine_0730_rep1-1/2103.jpg,1744,1749,2293,2751,5
/home/txtran/Downloads/sdsGWAS/SDS_2015/Renamed Images/Muscatine/SDS_Muscatine_0730_rep1-1/2103.jpg,1382,1196,2265,1705,5
/home/txtran/Downloads/sdsGWAS/SDS_2015/Renamed Images/Muscatine/SDS_Muscatine_0730_rep1-1/2103.jpg,969,271,1302,867,2
/home/txtran/Downloads/sdsGWAS/SDS_2015/Renamed Images/Muscatine/SDS_Muscatine_0730_rep1-1/2103.jpg,619,434,965,917,2
/home/txtran/Downloads/sdsGWAS/SDS_2015/Renamed Images/Muscatine/SDS_Muscatine_0730_rep1-1/2104.jpg,361,1099,1047,1767,2
/home/txtran/Downloads/sdsGWAS/SDS_2015/Renamed Images/Muscatine/SDS_Muscatine_0730_rep1-1/2104.jpg,1596,1534,2303,2013,2
/home/txtran/Downloads/sdsGWAS/SDS_2015/Renamed Images/Muscatine/SDS_Muscatine_0730_rep1-1/2104.jpg,2274,1102,2642,1867,1
/home/txtran/Downloads/sdsGWAS/SDS_2015/Renamed Images/Muscatine/SDS_Muscatine_0730_rep1-1/2104.jpg,2215,1913,2623,2288,1
/home/txtran/Downloads/sdsGWAS/SDS_2015/Renamed Images/Muscatine/SDS_Muscatine_0730_rep1-1/2302.jpg,1325,2545,1893,3295,1
/home/txtran/Downloads/sdsGWAS/SDS_2015/Renamed Images/Muscatine/SDS_Muscatine_0730_rep1-1/2302.jpg,1018,2581,1336,3317,2
/home/txtran/Downloads/sdsGWAS/SDS_2015/Renamed Images/Muscatine/SDS_Muscatine_0731_rep1-2/2502.jpg,3011,1106,3604,1838,2
/home/txtran/Downloads/sdsGWAS/SDS_2015/Renamed Images/Muscatine/SDS_Muscatine_0731_rep1-2/2502.jpg,2315,1634,3011,2081,2
/home/txtran/Downloads/sdsGWAS/SDS_2015/Renamed Images/Muscatine/SDS_Muscatine_0731_rep1-2/2502.jpg,1898,2251,2544,3151,1
/home/txtran/Downloads/sdsGWAS/SDS_2015/Renamed Images/Muscatine/SDS_Muscatine_0731_rep1-2/2502.jpg,3465,2367,4132,2717,2
/home/txtran/Downloads/sdsGWAS/SDS_2015/Renamed Images/Muscatine/SDS_Muscatine_0731_rep1-2/2502.jpg,2844,2367,3407,3217,1
/home/txtran/Downloads/sdsGWAS/SDS_2015/Renamed Images/Muscatine/SDS_Muscatine_0731_rep1-2/2503.jpg,1775,1352,2440,2059,2
/home/txtran/Downloads/sdsGWAS/SDS_2015/Renamed Images/Muscatine/SDS_Muscatine_0731_rep1-2/2503.jpg,2475,1924,3315,2438,3
/home/txtran/Downloads/sdsGWAS/SDS_2015/Renamed Images/Muscatine/SDS_Muscatine_0731_rep1-2/2503.jpg,2736,1363,3390,2031,2
/home/txtran/Downloads/sdsGWAS/SDS_2015/Renamed Images/Muscatine/SDS_Muscatine_0731_rep1-2/2503.jpg,2700,2509,3593,2892,4
/home/txtran/Downloads/sdsGWAS/SDS_2015/Renamed Images/Muscatine/SDS_Muscatine_0731_rep1-2/2503.jpg,3679,2481,4636,2884,2
/home/txtran/Downloads/sdsGWAS/SDS_2015/Renamed Images/Muscatine/SDS_Muscatine_0731_rep1-2/2503.jpg,2511,1,2815,574,5
/home/txtran/Downloads/sdsGWAS/SDS_2015/Renamed Images/Muscatine/SDS_Muscatine_0731_rep1-2/2503.jpg,3311,1,3648,759,5
/home/txtran/Downloads/sdsGWAS/SDS_2015/Renamed Images/Muscatine/SDS_Muscatine_0731_rep1-2/2503.jpg,811,242,1189,1149,2
/home/txtran/Downloads/sdsGWAS/SDS_2015/Renamed Images/Muscatine/SDS_Muscatine_0731_rep1-2/2503.jpg,169,2130,511,2409,5
/home/txtran/Downloads/sdsGWAS/SDS_2015/Renamed Images/Muscatine/SDS_Muscatine_0731_rep1-2/2503.jpg,336,1434,611,1784,3
/home/txtran/Downloads/sdsGWAS/SDS_2015/Renamed Images/Muscatine/SDS_Muscatine_0731_rep1-2/2503.jpg,1561,680,1832,1138,5
/home/txtran/Downloads/sdsGWAS/SDS_2015/Renamed Images/Muscatine/SDS_Muscatine_0731_rep1-2/2503.jpg,1232,476,1582,1163,2
/home/txtran/Downloads/sdsGWAS/SDS_2015/Renamed Images/Muscatine/SDS_Muscatine_0731_rep1-2/2503.jpg,2477,2409,2786,2776,5
/home/txtran/Downloads/sdsGWAS/SDS_2015/Renamed Images/Muscatine/SDS_Muscatine_0731_rep1-2/2503.jpg,2065,101,2469,555,5
/home/txtran/Downloads/sdsGWAS/SDS_2015/Renamed Images/Muscatine/SDS_Muscatine_0731_rep1-2/2503.jpg,2036,805,2348,1109,5
/home/txtran/Downloads/sdsGWAS/SDS_2015/Renamed Images/Muscatine/SDS_Muscatine_0731_rep1-2/2503.jpg,2607,530,2882,759,5
/home/txtran/Downloads/sdsGWAS/SDS_2015/Renamed Images/Muscatine/SDS_Muscatine_0731_rep1-2/2503.jpg,2382,671,2694,996,5
/home/txtran/Downloads/sdsGWAS/SDS_2015/Renamed Images/Muscatine/SDS_Muscatine_0731_rep1-2/2503.jpg,3469,563,4198,1059,3
/home/txtran/Downloads/sdsGWAS/SDS_2015/Renamed Images/Muscatine/SDS_Muscatine_0731_rep1-2/2503.jpg,2815,430,3465,1059,3
/home/txtran/Downloads/sdsGWAS/SDS_2015/Renamed Images/Muscatine/SDS_Muscatine_0731_rep1-2/2503.jpg,3269,1071,3769,1438,4
/home/txtran/Downloads/sdsGWAS/SDS_2015/Renamed Images/Muscatine/SDS_Muscatine_0731_rep1-2/2503.jpg,3315,1801,4198,2538,3
/home/txtran/Downloads/sdsGWAS/SDS_2015/Renamed Images/Muscatine/SDS_Muscatine_0731_rep1-2/2503.jpg,2219,2838,2507,3121,3
/home/txtran/Downloads/sdsGWAS/SDS_2015/Renamed Images/Muscatine/SDS_Muscatine_0731_rep1-2/2503.jpg,2690,2717,3198,3001,3
/home/txtran/Downloads/sdsGWAS/SDS_2015/Renamed Images/Muscatine/SDS_Muscatine_0731_rep1-2/2503.jpg,2673,2992,3169,3446,2
/home/txtran/Downloads/sdsGWAS/SDS_2015/Renamed Images/Muscatine/SDS_Muscatine_0731_rep1-2/2503.jpg,1760,1,2048,263,3
/home/txtran/Downloads/sdsGWAS/SDS_2015/Renamed Images/Muscatine/SDS_Muscatine_0731_rep1-2/2503.jpg,3682,1338,4286,1634,5
/home/txtran/Downloads/sdsGWAS/SDS_2015/Renamed Images/Muscatine/SDS_Muscatine_0731_rep1-2/2503.jpg,4136,1188,4844,1876,3
/home/txtran/Downloads/sdsGWAS/SDS_2015/Renamed Images/Muscatine/SDS_Muscatine_0731_rep1-2/2503.jpg,4186,2096,4552,2530,4
/home/txtran/Downloads/sdsGWAS/SDS_2015/Renamed Images/Muscatine/SDS_Muscatine_0731_rep1-2/2503.jpg,4390,2367,4882,2630,4
/home/txtran/Downloads/sdsGWAS/SDS_2015/Renamed Images/Muscatine/SDS_Muscatine_0731_rep1-2/2503.jpg,4490,2121,4907,2409,5
/home/txtran/Downloads/sdsGWAS/SDS_2015/Renamed Images/Muscatine/SDS_Muscatine_0731_rep1-2/2503.jpg,4810,1671,5160,2138,4
/home/txtran/Downloads/sdsGWAS/SDS_2015/Renamed Images/Muscatine/SDS_Muscatine_0731_rep1-2/2503.jpg,4865,2688,5015,3026,4
/home/txtran/Downloads/sdsGWAS/SDS_2015/Renamed Images/Muscatine/SDS_Muscatine_0731_rep1-2/2503.jpg,4548,3001,5032,3246,4
/home/txtran/Downloads/sdsGWAS/SDS_2015/Renamed Images/Muscatine/SDS_Muscatine_0731_rep1-2/2503.jpg,4914,3309,5181,3452,4
/home/txtran/Downloads/sdsGWAS/SDS_2015/Renamed Images/Muscatine/SDS_Muscatine_0731_rep1-2/2503.jpg,4498,1780,4723,2059,5
/home/txtran/Downloads/sdsGWAS/SDS_2015/Renamed Images/Muscatine/SDS_Muscatine_0731_rep1-2/2503.jpg,4582,1334,5115,1771,5
/home/txtran/Downloads/sdsGWAS/SDS_2015/Renamed Images/Muscatine/SDS_Muscatine_0731_rep1-2/2503.jpg,4402,3113,4728,3456,4
/home/txtran/Downloads/sdsGWAS/SDS_2015/Renamed Images/Muscatine/SDS_Muscatine_0731_rep1-2/2503.jpg,1727,2951,2057,3092,4
/home/txtran/Downloads/sdsGWAS/SDS_2015/Renamed Images/Muscatine/SDS_Muscatine_0731_rep1-2/2503.jpg,1957,3201,2331,3456,4
/home/txtran/Downloads/sdsGWAS/SDS_2015/Renamed Images/Muscatine/SDS_Muscatine_0731_rep1-2/2503.jpg,11,1284,352,1801,2
/home/txtran/Downloads/sdsGWAS/SDS_2015/Renamed Images/Muscatine/SDS_Muscatine_0731_rep1-2/2503.jpg,757,1305,1165,1776,2
/home/txtran/Downloads/sdsGWAS/SDS_2015/Renamed Images/Muscatine/SDS_Muscatine_0731_rep1-2/2503.jpg,1186,1155,1707,1442,3
/home/txtran/Downloads/sdsGWAS/SDS_2015/Renamed Images/Muscatine/SDS_Muscatine_0731_rep1-2/2503.jpg,3902,926,4857,1396,2
/home/txtran/Downloads/sdsGWAS/SDS_2015/Renamed Images/Muscatine/SDS_Muscatine_0731_rep1-2/2503.jpg,4848,746,5177,1159,3
/home/txtran/Downloads/sdsGWAS/SDS_2015/Renamed Images/Muscatine/SDS_Muscatine_0731_rep1-2/2503.jpg,1848,2096,2327,2851,1
/home/txtran/Downloads/sdsGWAS/SDS_2015/Renamed Images/Muscatine/SDS_Muscatine_0731_rep1-2/2511.jpg,4225,774,4772,1224,2
/home/txtran/Downloads/sdsGWAS/SDS_2015/Renamed Images/Muscatine/SDS_Muscatine_0731_rep1-2/2511.jpg,3958,1006,4515,1538,3
/home/txtran/Downloads/sdsGWAS/SDS_2015/Renamed Images/Muscatine/SDS_Muscatine_0731_rep1-2/2511.jpg,3040,1674,3486,1938,3
/home/txtran/Downloads/sdsGWAS/SDS_2015/Renamed Images/Muscatine/SDS_Muscatine_0731_rep1-2/2511.jpg,3304,59,3700,784,2
/home/txtran/Downloads/sdsGWAS/SDS_2015/Renamed Images/Muscatine/SDS_Muscatine_0731_rep1-2/2511.jpg,2607,1759,3077,2038,1
/home/txtran/Downloads/sdsGWAS/SDS_2015/Renamed Images/Muscatine/SDS_Muscatine_0731_rep1-2/2608.jpg,1708,2045,2308,2499,3
/home/txtran/Downloads/sdsGWAS/SDS_2015/Renamed Images/Muscatine/SDS_Muscatine_0731_rep1-2/2608.jpg,708,1974,1711,2463,3
/home/txtran/Downloads/sdsGWAS/SDS_2015/Renamed Images/Muscatine/SDS_Muscatine_0731_rep1-2/2608.jpg,7,1184,461,1805,4
/home/txtran/Downloads/sdsGWAS/SDS_2015/Renamed Images/Muscatine/SDS_Muscatine_0731_rep1-2/2608.jpg,7,1901,611,2676,4
/home/txtran/Downloads/sdsGWAS/SDS_2015/Renamed Images/Muscatine/SDS_Muscatine_0731_rep1-2/2608.jpg,619,1630,2057,2184,2
/home/txtran/Downloads/sdsGWAS/SDS_2015/Renamed Images/Muscatine/SDS_Muscatine_0731_rep1-2/2608.jpg,2265,1763,3152,2280,4
/home/txtran/Downloads/sdsGWAS/SDS_2015/Renamed Images/Muscatine/SDS_Muscatine_0731_rep1-2/2608.jpg,1719,1230,2294,1959,2
/home/txtran/Downloads/sdsGWAS/SDS_2015/Renamed Images/Muscatine/SDS_Muscatine_0731_rep1-2/2608.jpg,757,2455,1557,3305,3
/home/txtran/Downloads/sdsGWAS/SDS_2015/Renamed Images/Muscatine/SDS_Muscatine_0731_rep1-2/2608.jpg,4536,1421,5015,1976,4
/home/txtran/Downloads/sdsGWAS/SDS_2015/Renamed Images/Muscatine/SDS_Muscatine_0731_rep1-2/2608.jpg,4494,613,5173,1434,2
/home/txtran/Downloads/sdsGWAS/SDS_2015/Renamed Images/Muscatine/SDS_Muscatine_0731_rep1-2/2608.jpg,2307,21,3373,942,3
/home/txtran/Downloads/sdsGWAS/SDS_2015/Renamed Images/Muscatine/SDS_Muscatine_0731_rep1-2/2704.jpg,1106,3380,2247,3895,3
/home/txtran/Downloads/sdsGWAS/SDS_2015/Renamed Images/Muscatine/SDS_Muscatine_0731_rep1-2/2704.jpg,2085,2631,2952,3842,2
/home/txtran/Downloads/sdsGWAS/SDS_2015/Renamed Images/Muscatine/SDS_Muscatine_0731_rep1-2/2704.jpg,1425,1638,2262,2801,2
/home/txtran/Downloads/sdsGWAS/SDS_2015/Renamed Images/Muscatine/SDS_Muscatine_0731_rep1-2/2704.jpg,200,2332,862,2951,2
/home/txtran/Downloads/sdsGWAS/SDS_2015/Renamed Images/Muscatine/SDS_Muscatine_0731_rep1-2/2704.jpg,3150,476,3456,1866,2
/home/txtran/Downloads/sdsGWAS/SDS_2015/Renamed Images/Muscatine/SDS_Muscatine_0731_rep1-2/2704.jpg,2356,2120,3437,2926,1
/home/txtran/Downloads/sdsGWAS/SDS_2015/Renamed Images/Muscatine/SDS_Muscatine_0731_rep1-2/2704.jpg,2206,238,3206,995,3
/home/txtran/Downloads/sdsGWAS/SDS_2015/Renamed Images/Muscatine/SDS_Muscatine_0731_rep1-2/2905.jpg,1719,980,2669,1736,3
/home/txtran/Downloads/sdsGWAS/SDS_2015/Renamed Images/Muscatine/SDS_Muscatine_0731_rep1-2/2905.jpg,1802,447,3191,1258,3
/home/txtran/Downloads/sdsGWAS/SDS_2015/Renamed Images/Muscatine/SDS_Muscatine_0731_rep1-2/2905.jpg,1313,2680,2424,3414,3
/home/txtran/Downloads/sdsGWAS/SDS_2015/Renamed Images/Muscatine/SDS_Muscatine_0731_rep1-2/2905.jpg,2044,3214,2981,4307,1
/home/txtran/Downloads/sdsGWAS/SDS_2015/Renamed Images/Muscatine/SDS_Muscatine_0731_rep1-2/2905.jpg,2463,2453,3424,3197,1
/home/txtran/Downloads/sdsGWAS/SDS_2015/Renamed Images/Muscatine/SDS_Muscatine_0731_rep1-2/2905.jpg,294,1844,1919,3500,1
/home/txtran/Downloads/sdsGWAS/SDS_2015/Renamed Images/Muscatine/SDS_Muscatine_0731_rep1-2/3007.jpg,3193,1927,3772,2799,2
/home/txtran/Downloads/sdsGWAS/SDS_2015/Renamed Images/Muscatine/SDS_Muscatine_0731_rep1-2/3007.jpg,1561,1980,2236,3038,3
/home/txtran/Downloads/sdsGWAS/SDS_2015/Renamed Images/Muscatine/SDS_Muscatine_0731_rep1-2/3007.jpg,1790,959,2368,1949,3
/home/txtran/Downloads/sdsGWAS/SDS_2015/Renamed Images/Muscatine/SDS_Muscatine_0731_rep1-2/3007.jpg,2333,877,3233,1309,2
/home/txtran/Downloads/sdsGWAS/SDS_2015/Renamed Images/Muscatine/SDS_Muscatine_0731_rep1-2/3007.jpg,3336,924,4454,1392,2
/home/txtran/Downloads/sdsGWAS/SDS_2015/Renamed Images/Muscatine/SDS_Muscatine_0731_rep1-2/3007.jpg,386,567,1072,1002,3
/home/txtran/Downloads/sdsGWAS/SDS_2015/Renamed Images/Muscatine/SDS_Muscatine_0731_rep1-2/3007.jpg,1225,1031,1625,1649,3
/home/txtran/Downloads/sdsGWAS/SDS_2015/Renamed Images/Muscatine/SDS_Muscatine_0731_rep1-2/3007.jpg,132,1001,1040,1309,4
/home/txtran/Downloads/sdsGWAS/SDS_2015/Renamed Images/Muscatine/SDS_Muscatine_0731_rep1-2/3007.jpg,637,355,1537,1005,2
/home/txtran/Downloads/sdsGWAS/SDS_2015/Renamed Images/Muscatine/SDS_Muscatine_0731_rep1-2/3007.jpg,215,2421,461,2634,5
/home/txtran/Downloads/sdsGWAS/SDS_2015/Renamed Images/Muscatine/SDS_Muscatine_0731_rep1-2/3007.jpg,2,2376,186,2480,5
/home/txtran/Downloads/sdsGWAS/SDS_2015/Renamed Images/Muscatine/SDS_Muscatine_0731_rep1-2/3007.jpg,244,1980,552,2401,3
/home/txtran/Downloads/sdsGWAS/SDS_2015/Renamed Images/Muscatine/SDS_Muscatine_0731_rep1-2/3007.jpg,323,1471,636,1838,3
/home/txtran/Downloads/sdsGWAS/SDS_2015/Renamed Images/Muscatine/SDS_Muscatine_0731_rep1-2/3007.jpg,207,1313,527,1955,2
/home/txtran/Downloads/sdsGWAS/SDS_2015/Renamed Images/Muscatine/SDS_Muscatine_0731_rep1-2/3007.jpg,11,1630,190,2017,2
/home/txtran/Downloads/sdsGWAS/SDS_2015/Renamed Images/Muscatine/SDS_Muscatine_0731_rep1-2/3007.jpg,1486,1092,1786,1517,3
/home/txtran/Downloads/sdsGWAS/SDS_2015/Renamed Images/Muscatine/SDS_Muscatine_0731_rep1-2/3007.jpg,1,2517,186,2818,3
/home/txtran/Downloads/sdsGWAS/SDS_2015/Renamed Images/Muscatine/SDS_Muscatine_0731_rep1-2/3007.jpg,336,2846,615,3163,3
/home/txtran/Downloads/sdsGWAS/SDS_2015/Renamed Images/Muscatine/SDS_Muscatine_0731_rep1-2/3007.jpg,719,2813,986,3351,1
/home/txtran/Downloads/sdsGWAS/SDS_2015/Renamed Images/Muscatine/SDS_Muscatine_0731_rep1-2/3007.jpg,2948,1959,3257,2255,3
/home/txtran/Downloads/sdsGWAS/SDS_2015/Renamed Images/Muscatine/SDS_Muscatine_0731_rep1-2/3007.jpg,3473,1401,3994,1963,3
/home/txtran/Downloads/sdsGWAS/SDS_2015/Renamed Images/Muscatine/SDS_Muscatine_0731_rep1-2/3007.jpg,4807,1951,5177,2509,3
/home/txtran/Downloads/sdsGWAS/SDS_2015/Renamed Images/Muscatine/SDS_Muscatine_0731_rep1-2/3007.jpg,1648,305,2286,759,2
/home/txtran/Downloads/sdsGWAS/SDS_2015/Renamed Images/Muscatine/SDS_Muscatine_0731_rep1-2/3007.jpg,2886,2392,3194,3130,1
/home/txtran/Downloads/sdsGWAS/SDS_2015/Renamed Images/Muscatine/SDS_Muscatine_0731_rep1-2/3204.jpg,922,852,1690,1617,3
/home/txtran/Downloads/sdsGWAS/SDS_2015/Renamed Images/Muscatine/SDS_Muscatine_0731_rep1-2/3204.jpg,2486,1059,2890,1688,3
/home/txtran/Downloads/sdsGWAS/SDS_2015/Renamed Images/Muscatine/SDS_Muscatine_0731_rep1-2/3204.jpg,3461,884,4486,1606,1
/home/txtran/Downloads/sdsGWAS/SDS_2015/Renamed Images/Muscatine/SDS_Muscatine_0731_rep1-2/3204.jpg,2511,1896,2998,2351,2
/home/txtran/Downloads/sdsGWAS/SDS_2015/Renamed Images/Muscatine/SDS_Muscatine_0731_rep1-2/3204.jpg,1515,2009,2123,2317,1
/home/txtran/Downloads/sdsGWAS/SDS_2015/Renamed Images/Muscatine/SDS_Muscatine_0731_rep1-2/3204.jpg,2044,2259,2394,2796,1
/home/txtran/Downloads/sdsGWAS/SDS_2015/Renamed Images/Muscatine/SDS_Muscatine_0731_rep1-2/3204.jpg,1773,2342,2127,2821,1
/home/txtran/Downloads/sdsGWAS/SDS_2015/Renamed Images/Muscatine/SDS_Muscatine_0731_rep1-2/3204.jpg,1536,326,2377,1176,1
/home/txtran/Downloads/sdsGWAS/SDS_2015/Renamed Images/Muscatine/SDS_Muscatine_0731_rep1-2/3204.jpg,3490,1617,4019,2438,2
/home/txtran/Downloads/sdsGWAS/SDS_2015/Renamed Images/Muscatine/SDS_Muscatine_0731_rep1-2/3204.jpg,2373,696,3636,1238,2
/home/txtran/Downloads/sdsGWAS/SDS_2015/Renamed Images/Muscatine/SDS_Muscatine_0731_rep1-2/3204.jpg,2911,1142,3519,1792,3
/home/txtran/Downloads/sdsGWAS/SDS_2015/Renamed Images/Muscatine/SDS_Muscatine_0731_rep1-2/3204.jpg,3932,17,4594,826,3
/home/txtran/Downloads/sdsGWAS/SDS_2015/Renamed Images/Muscatine/SDS_Muscatine_0731_rep1-2/3204.jpg,2882,88,3369,730,4
/home/txtran/Downloads/sdsGWAS/SDS_2015/Renamed Images/Muscatine/SDS_Muscatine_0731_rep1-2/3407.jpg,41,2597,880,3375,3
/home/txtran/Downloads/sdsGWAS/SDS_2015/Renamed Images/Muscatine/SDS_Muscatine_0731_rep1-2/3407.jpg,1280,1580,1841,1992,5
/home/txtran/Downloads/sdsGWAS/SDS_2015/Renamed Images/Muscatine/SDS_Muscatine_0731_rep1-2/3407.jpg,8,386,1635,1197,3
/home/txtran/Downloads/sdsGWAS/SDS_2015/Renamed Images/Muscatine/SDS_Muscatine_0731_rep1-2/3407.jpg,400,957,1287,1570,5
/home/txtran/Downloads/sdsGWAS/SDS_2015/Renamed Images/Muscatine/SDS_Muscatine_0731_rep1-2/3407.jpg,806,1032,1706,1501,3
/home/txtran/Downloads/sdsGWAS/SDS_2015/Renamed Images/Muscatine/SDS_Muscatine_0731_rep1-2/3407.jpg,37,1882,937,2788,3
/home/txtran/Downloads/sdsGWAS/SDS_2015/Renamed Images/Muscatine/SDS_Muscatine_0731_rep1-2/3407.jpg,863,2094,1432,2463,5
/home/txtran/Downloads/sdsGWAS/SDS_2015/Renamed Images/Muscatine/SDS_Muscatine_0731_rep1-2/3407.jpg,2744,2770,3369,3732,4
/home/txtran/Downloads/sdsGWAS/SDS_2015/Renamed Images/Muscatine/SDS_Muscatine_0731_rep1-2/3407.jpg,2562,1782,3000,2951,5
/home/txtran/Downloads/sdsGWAS/SDS_2015/Renamed Images/Muscatine/SDS_Muscatine_0731_rep1-2/3407.jpg,2244,4426,3250,5176,5
/home/txtran/Downloads/sdsGWAS/SDS_2015/Renamed Images/Muscatine/SDS_Muscatine_0731_rep1-2/3407.jpg,2594,3901,3231,4732,4
/home/txtran/Downloads/sdsGWAS/SDS_2015/Renamed Images/Muscatine/SDS_Muscatine_0731_rep1-2/3510.jpg,644,1282,1835,1869,5
/home/txtran/Downloads/sdsGWAS/SDS_2015/Renamed Images/Muscatine/SDS_Muscatine_0731_rep1-2/3510.jpg,2087,1686,2880,2207,3
/home/txtran/Downloads/sdsGWAS/SDS_2015/Renamed Images/Muscatine/SDS_Muscatine_0731_rep1-2/3510.jpg,2319,453,3413,1492,4
/home/txtran/Downloads/sdsGWAS/SDS_2015/Renamed Images/Muscatine/SDS_Muscatine_0731_rep1-2/3510.jpg,2691,4169,3097,4686,3
/home/txtran/Downloads/sdsGWAS/SDS_2015/Renamed Images/Muscatine/SDS_Muscatine_0731_rep1-2/3510.jpg,2797,3580,3202,4192,3
/home/txtran/Downloads/sdsGWAS/SDS_2015/Renamed Images/Muscatine/SDS_Muscatine_0731_rep1-2/3510.jpg,1262,851,2219,1770,5
/home/txtran/Downloads/sdsGWAS/SDS_2015/Renamed Images/Muscatine/SDS_Muscatine_0731_rep1-2/3510.jpg,2456,7,2706,557,5
/home/txtran/Downloads/sdsGWAS/SDS_2015/Renamed Images/Muscatine/SDS_Muscatine_0731_rep1-2/3510.jpg,3019,3526,3437,4295,4
/home/txtran/Downloads/sdsGWAS/SDS_2015/Renamed Images/Muscatine/SDS_Muscatine_0731_rep1-2/3510.jpg,1587,4251,2312,4401,5
/home/txtran/Downloads/sdsGWAS/SDS_2015/Renamed Images/Muscatine/SDS_Muscatine_0731_rep1-2/3510.jpg,2012,4013,2419,4363,5
/home/txtran/Downloads/sdsGWAS/SDS_2015/Renamed Images/Muscatine/SDS_Muscatine_0731_rep1-2/3510.jpg,925,3651,1612,4026,2
/home/txtran/Downloads/sdsGWAS/SDS_2015/Renamed Images/Muscatine/SDS_Muscatine_0731_rep1-2/3510.jpg,931,4007,1569,4420,3
/home/txtran/Downloads/sdsGWAS/SDS_2015/Renamed Images/Muscatine/SDS_Muscatine_0731_rep1-2/3510.jpg,1887,4507,2531,4863,3
/home/txtran/Downloads/sdsGWAS/SDS_2015/Renamed Images/Muscatine/SDS_Muscatine_0731_rep1-2/3510.jpg,1912,1,2397,520,5
/home/txtran/Downloads/sdsGWAS/SDS_2015/Renamed Images/Muscatine/SDS_Muscatine_0731_rep1-2/5111.jpg,497,2102,2068,3134,3
/home/txtran/Downloads/sdsGWAS/SDS_2015/Renamed Images/Muscatine/SDS_Muscatine_0731_rep1-2/5111.jpg,2593,2302,3621,3456,2
/home/txtran/Downloads/sdsGWAS/SDS_2015/Renamed Images/Muscatine/SDS_Muscatine_0731_rep1-2/5111.jpg,1532,859,2419,2217,5
/home/txtran/Downloads/sdsGWAS/SDS_2015/Renamed Images/Muscatine/SDS_Muscatine_0731_rep1-2/5111.jpg,2219,1417,3457,2184,5
/home/txtran/Downloads/sdsGWAS/SDS_2015/Renamed Images/Muscatine/SDS_Muscatine_0731_rep1-2/5111.jpg,2098,2221,2817,3456,3
/home/txtran/Downloads/sdsGWAS/SDS_2015/Renamed Images/Muscatine/SDS_Muscatine_0731_rep1-2/5111.jpg,3369,46,5123,992,1
/home/txtran/Downloads/sdsGWAS/SDS_2015/Renamed Images/Muscatine/SDS_Muscatine_0731_rep1-2/5111.jpg,3486,1459,4169,2226,1
/home/txtran/Downloads/sdsGWAS/SDS_2015/Renamed Images/Muscatine/SDS_Muscatine_0731_rep1-2/5111.jpg,3194,2138,3932,3071,2
/home/txtran/Downloads/sdsGWAS/SDS_2015/Renamed Images/Muscatine/SDS_Muscatine_0731_rep1-2/5303.jpg,75,659,1404,1234,5
/home/txtran/Downloads/sdsGWAS/SDS_2015/Renamed Images/Muscatine/SDS_Muscatine_0731_rep1-2/5303.jpg,1181,1526,2583,2767,3
/home/txtran/Downloads/sdsGWAS/SDS_2015/Renamed Images/Muscatine/SDS_Muscatine_0731_rep1-2/5303.jpg,957,34,1793,992,5
/home/txtran/Downloads/sdsGWAS/SDS_2015/Renamed Images/Muscatine/SDS_Muscatine_0731_rep1-2/5303.jpg,2508,163,3686,1859,3
/home/txtran/Downloads/sdsGWAS/SDS_2015/Renamed Images/Muscatine/SDS_Muscatine_0731_rep1-2/5303.jpg,2243,1838,3261,2880,3
/home/txtran/Downloads/sdsGWAS/SDS_2015/Renamed Images/Muscatine/SDS_Muscatine_0731_rep1-2/5303.jpg,311,1034,1719,1846,5
/home/txtran/Downloads/sdsGWAS/SDS_2015/Renamed Images/Muscatine/SDS_Muscatine_0731_rep1-2/5303.jpg,1790,467,2552,1351,3
/home/txtran/Downloads/sdsGWAS/SDS_2015/Renamed Images/Muscatine/SDS_Muscatine_0731_rep1-2/5303.jpg,1857,1,2490,384,3
/home/txtran/Downloads/sdsGWAS/SDS_2015/Renamed Images/Muscatine/SDS_Muscatine_0731_rep1-2/5303.jpg,2323,2813,3032,3305,4
/home/txtran/Downloads/sdsGWAS/SDS_2015/Renamed Images/Muscatine/SDS_Muscatine_0731_rep1-2/5307.jpg,858,220,1554,642,2
/home/txtran/Downloads/sdsGWAS/SDS_2015/Renamed Images/Muscatine/SDS_Muscatine_0731_rep1-2/5307.jpg,3208,945,4161,1438,3
/home/txtran/Downloads/sdsGWAS/SDS_2015/Renamed Images/Muscatine/SDS_Muscatine_0731_rep1-2/5307.jpg,4302,1,5184,802,5
/home/txtran/Downloads/sdsGWAS/SDS_2015/Renamed Images/Muscatine/SDS_Muscatine_0731_rep1-2/5307.jpg,2950,2613,3554,3034,4
/home/txtran/Downloads/sdsGWAS/SDS_2015/Renamed Images/Muscatine/SDS_Muscatine_0731_rep1-2/5307.jpg,3304,3049,3897,3456,5
/home/txtran/Downloads/sdsGWAS/SDS_2015/Renamed Images/Muscatine/SDS_Muscatine_0731_rep1-2/5307.jpg,1265,601,1761,1034,4
/home/txtran/Downloads/sdsGWAS/SDS_2015/Renamed Images/Muscatine/SDS_Muscatine_0731_rep1-2/5307.jpg,1502,367,1882,742,5
/home/txtran/Downloads/sdsGWAS/SDS_2015/Renamed Images/Muscatine/SDS_Muscatine_0731_rep1-2/5307.jpg,3152,1434,4044,1846,3
/home/txtran/Downloads/sdsGWAS/SDS_2015/Renamed Images/Muscatine/SDS_Muscatine_0731_rep1-2/5307.jpg,4194,2742,5173,3405,2
/home/txtran/Downloads/sdsGWAS/SDS_2015/Renamed Images/Muscatine/SDS_Muscatine_0731_rep1-2/5307.jpg,2898,3159,3265,3446,5
/home/txtran/Downloads/sdsGWAS/SDS_2015/Renamed Images/Muscatine/SDS_Muscatine_0731_rep1-2/5307.jpg,4269,1501,4890,2442,5
/home/txtran/Downloads/sdsGWAS/SDS_2015/Renamed Images/Muscatine/SDS_Muscatine_0731_rep1-2/5307.jpg,4352,1309,5173,1917,5
/home/txtran/Downloads/sdsGWAS/SDS_2015/Renamed Images/Muscatine/SDS_Muscatine_0731_rep1-2/5307.jpg,2832,1280,3448,1780,5
/home/txtran/Downloads/sdsGWAS/SDS_2015/Renamed Images/Muscatine/SDS_Muscatine_0731_rep1-2/5307.jpg,1227,976,1507,1680,5
/home/txtran/Downloads/sdsGWAS/SDS_2015/Renamed Images/Muscatine/SDS_Muscatine_0731_rep1-2/5307.jpg,2,2338,440,2971,4
/home/txtran/Downloads/sdsGWAS/SDS_2015/Renamed Images/Muscatine/SDS_Muscatine_0731_rep1-2/5307.jpg,636,546,961,805,4
/home/txtran/Downloads/sdsGWAS/SDS_2015/Renamed Images/Muscatine/SDS_Muscatine_0731_rep1-2/5307.jpg,494,788,802,976,4
/home/txtran/Downloads/sdsGWAS/SDS_2015/Renamed Images/Muscatine/SDS_Muscatine_0731_rep1-2/5404.jpg,1707,1163,2415,1670,3
/home/txtran/Downloads/sdsGWAS/SDS_2015/Renamed Images/Muscatine/SDS_Muscatine_0731_rep1-2/5404.jpg,2050,245,2657,1009,3
/home/txtran/Downloads/sdsGWAS/SDS_2015/Renamed Images/Muscatine/SDS_Muscatine_0731_rep1-2/5404.jpg,1482,113,2252,1159,3
/home/txtran/Downloads/sdsGWAS/SDS_2015/Renamed Images/Muscatine/SDS_Muscatine_0731_rep1-2/5503.jpg,604,1292,1740,2242,3
/home/txtran/Downloads/sdsGWAS/SDS_2015/Renamed Images/Muscatine/SDS_Muscatine_0731_rep1-2/5503.jpg,1722,984,2486,2317,3
/home/txtran/Downloads/sdsGWAS/SDS_2015/Renamed Images/Muscatine/SDS_Muscatine_0731_rep1-2/5503.jpg,1993,520,2818,952,4
/home/txtran/Downloads/sdsGWAS/SDS_2015/Renamed Images/Muscatine/SDS_Muscatine_0731_rep1-2/5503.jpg,1165,2417,2179,3167,5
/home/txtran/Downloads/sdsGWAS/SDS_2015/Renamed Images/Muscatine/SDS_Muscatine_0731_rep1-2/5503.jpg,3829,2031,4358,2377,4
/home/txtran/Downloads/sdsGWAS/SDS_2015/Renamed Images/Muscatine/SDS_Muscatine_0731_rep1-2/5503.jpg,4115,1777,4633,2120,4
/home/txtran/Downloads/sdsGWAS/SDS_2015/Renamed Images/Muscatine/SDS_Muscatine_0731_rep1-2/5503.jpg,3447,956,3958,1413,4
/home/txtran/Downloads/sdsGWAS/SDS_2015/Renamed Images/Muscatine/SDS_Muscatine_0731_rep1-2/5503.jpg,2390,1,3098,530,3
/home/txtran/Downloads/sdsGWAS/SDS_2015/Renamed Images/Muscatine/SDS_Muscatine_0731_rep1-2/5503.jpg,2790,917,3390,1426,5
/home/txtran/Downloads/sdsGWAS/SDS_2015/Renamed Images/Muscatine/SDS_Muscatine_0731_rep1-2/5503.jpg,2932,659,3369,913,4
/home/txtran/Downloads/sdsGWAS/SDS_2015/Renamed Images/Muscatine/SDS_Muscatine_0731_rep1-2/5503.jpg,3777,1630,4044,2026,5
/home/txtran/Downloads/sdsGWAS/SDS_2015/Renamed Images/Muscatine/SDS_Muscatine_0731_rep1-2/5503.jpg,15,1621,727,2234,2
/home/txtran/Downloads/sdsGWAS/SDS_2015/Renamed Images/Muscatine/SDS_Muscatine_0731_rep1-2/5503.jpg,736,2209,1302,2851,2
/home/txtran/Downloads/sdsGWAS/SDS_2015/Renamed Images/Muscatine/SDS_Muscatine_0731_rep1-2/5503.jpg,3361,3138,3873,3446,3
/home/txtran/Downloads/sdsGWAS/SDS_2015/Renamed Images/Muscatine/SDS_Muscatine_0731_rep1-2/5503.jpg,1644,138,2107,463,3
/home/txtran/Downloads/sdsGWAS/SDS_2015/Renamed Images/Muscatine/SDS_Muscatine_0731_rep1-2/5503.jpg,3252,2230,3602,2717,4
/home/txtran/Downloads/sdsGWAS/SDS_2015/Renamed Images/Muscatine/SDS_Muscatine_0731_rep1-2/5503.jpg,2373,2771,2815,3230,1
/home/txtran/Downloads/sdsGWAS/SDS_2015/Renamed Images/Muscatine/SDS_Muscatine_0731_rep1-2/5503.jpg,2594,2492,2823,2742,1
/home/txtran/Downloads/sdsGWAS/SDS_2015/Renamed Images/Muscatine/SDS_Muscatine_0731_rep1-2/5602.jpg,1650,1167,2336,1934,3
/home/txtran/Downloads/sdsGWAS/SDS_2015/Renamed Images/Muscatine/SDS_Muscatine_0731_rep1-2/5602.jpg,193,1749,879,2167,3
/home/txtran/Downloads/sdsGWAS/SDS_2015/Renamed Images/Muscatine/SDS_Muscatine_0731_rep1-2/5602.jpg,1547,163,2393,509,3
/home/txtran/Downloads/sdsGWAS/SDS_2015/Renamed Images/Muscatine/SDS_Muscatine_0731_rep1-2/5602.jpg,1097,1856,1929,2481,3
/home/txtran/Downloads/sdsGWAS/SDS_2015/Renamed Images/Muscatine/SDS_Muscatine_0731_rep1-2/5602.jpg,1461,534,2332,1138,1
/home/txtran/Downloads/sdsGWAS/SDS_2015/Renamed Images/Muscatine/SDS_Muscatine_0731_rep1-2/5602.jpg,269,1292,998,1746,2
/home/txtran/Downloads/sdsGWAS/SDS_2015/Renamed Images/Muscatine/SDS_Muscatine_0731_rep1-2/5602.jpg,852,1363,1407,1967,2
/home/txtran/Downloads/sdsGWAS/SDS_2015/Renamed Images/Muscatine/SDS_Muscatine_0731_rep1-2/5602.jpg,202,2371,711,2901,3
/home/txtran/Downloads/sdsGWAS/SDS_2015/Renamed Images/Muscatine/SDS_Muscatine_0731_rep1-2/5602.jpg,702,2292,1186,2567,3
/home/txtran/Downloads/sdsGWAS/SDS_2015/Renamed Images/Muscatine/SDS_Muscatine_0731_rep1-2/5602.jpg,1411,2509,1765,2859,2
/home/txtran/Downloads/sdsGWAS/SDS_2015/Renamed Images/Muscatine/SDS_Muscatine_0731_rep1-2/5602.jpg,2390,2255,2998,2642,4
/home/txtran/Downloads/sdsGWAS/SDS_2015/Renamed Images/Muscatine/SDS_Muscatine_0731_rep1-2/5602.jpg,2898,2042,3107,2434,5
/home/txtran/Downloads/sdsGWAS/SDS_2015/Renamed Images/Muscatine/SDS_Muscatine_0731_rep1-2/5602.jpg,3323,2451,3611,2801,4
/home/txtran/Downloads/sdsGWAS/SDS_2015/Renamed Images/Muscatine/SDS_Muscatine_0731_rep1-2/5602.jpg,4561,2017,5182,2530,4
/home/txtran/Downloads/sdsGWAS/SDS_2015/Renamed Images/Muscatine/SDS_Muscatine_0731_rep1-2/5602.jpg,4523,1446,5184,2119,3
/home/txtran/Downloads/sdsGWAS/SDS_2015/Renamed Images/Muscatine/SDS_Muscatine_0731_rep1-2/5602.jpg,4273,1030,4552,1684,4
/home/txtran/Downloads/sdsGWAS/SDS_2015/Renamed Images/Muscatine/SDS_Muscatine_0731_rep1-2/5602.jpg,3769,363,4202,988,4
/home/txtran/Downloads/sdsGWAS/SDS_2015/Renamed Images/Muscatine/SDS_Muscatine_0731_rep1-2/5602.jpg,548,38,990,388,5
/home/txtran/Downloads/sdsGWAS/SDS_2015/Renamed Images/Muscatine/SDS_Muscatine_0731_rep1-2/5602.jpg,973,26,1282,359,3
/home/txtran/Downloads/sdsGWAS/SDS_2015/Renamed Images/Muscatine/SDS_Muscatine_0731_rep1-2/5602.jpg,1466,1,1911,151,5
/home/txtran/Downloads/sdsGWAS/SDS_2015/Renamed Images/Muscatine/SDS_Muscatine_0731_rep1-2/5602.jpg,2282,746,2965,1359,1
/home/txtran/Downloads/sdsGWAS/SDS_2015/Renamed Images/Muscatine/SDS_Muscatine_0731_rep1-2/5602.jpg,2348,2701,2748,3171,2
/home/txtran/Downloads/sdsGWAS/SDS_2015/Renamed Images/Muscatine/SDS_Muscatine_0731_rep1-2/5602.jpg,1898,2938,2348,3446,2
/home/txtran/Downloads/sdsGWAS/SDS_2015/Renamed Images/Muscatine/SDS_Muscatine_0731_rep1-2/5602.jpg,1811,2584,2344,2934,2
/home/txtran/Downloads/sdsGWAS/SDS_2015/Renamed Images/Muscatine/SDS_Muscatine_0731_rep1-2/5602.jpg,3890,1809,4415,2817,2
/home/txtran/Downloads/sdsGWAS/SDS_2015/Renamed Images/Muscatine/SDS_Muscatine_0731_rep1-2/5703.jpg,1880,1080,2219,1442,3
/home/txtran/Downloads/sdsGWAS/SDS_2015/Renamed Images/Muscatine/SDS_Muscatine_0731_rep1-2/5703.jpg,1672,3119,2249,3714,2
/home/txtran/Downloads/sdsGWAS/SDS_2015/Renamed Images/Muscatine/SDS_Muscatine_0731_rep1-2/5703.jpg,2556,3903,3162,4501,5
/home/txtran/Downloads/sdsGWAS/SDS_2015/Renamed Images/Muscatine/SDS_Muscatine_0731_rep1-2/5703.jpg,1864,1425,2297,2231,5
/home/txtran/Downloads/sdsGWAS/SDS_2015/Renamed Images/Muscatine/SDS_Muscatine_0731_rep1-2/5703.jpg,2319,1253,3180,1592,5
/home/txtran/Downloads/sdsGWAS/SDS_2015/Renamed Images/Muscatine/SDS_Muscatine_0731_rep1-2/5703.jpg,224,1851,769,2201,4
/home/txtran/Downloads/sdsGWAS/SDS_2015/Renamed Images/Muscatine/SDS_Muscatine_0731_rep1-2/5703.jpg,462,2463,1100,3369,3
/home/txtran/Downloads/sdsGWAS/SDS_2015/Renamed Images/Muscatine/SDS_Muscatine_0731_rep1-2/5703.jpg,1056,2326,1531,2913,3
/home/txtran/Downloads/sdsGWAS/SDS_2015/Renamed Images/Muscatine/SDS_Muscatine_0731_rep1-2/5703.jpg,331,1963,1050,2426,5
/home/txtran/Downloads/sdsGWAS/SDS_2015/Renamed Images/Muscatine/SDS_Muscatine_0731_rep1-2/5703.jpg,300,157,1131,857,4
/home/txtran/Downloads/sdsGWAS/SDS_2015/Renamed Images/Muscatine/SDS_Muscatine_0731_rep1-2/5703.jpg,2169,488,2781,682,5
/home/txtran/Downloads/sdsGWAS/SDS_2015/Renamed Images/Muscatine/SDS_Muscatine_0731_rep1-2/5703.jpg,2219,32,2687,407,4
/home/txtran/Downloads/sdsGWAS/SDS_2015/Renamed Images/Muscatine/SDS_Muscatine_0731_rep1-2/5703.jpg,1769,363,2287,1057,3
/home/txtran/Downloads/sdsGWAS/SDS_2015/Renamed Images/Muscatine/SDS_Muscatine_0731_rep1-2/5703.jpg,1150,313,1694,845,5
/home/txtran/Downloads/sdsGWAS/SDS_2015/Renamed Images/Muscatine/SDS_Muscatine_0731_rep1-2/5703.jpg,175,720,844,1470,3
/home/txtran/Downloads/sdsGWAS/SDS_2015/Renamed Images/Muscatine/SDS_Muscatine_0731_rep1-2/5703.jpg,937,3863,1150,4113,4
/home/txtran/Downloads/sdsGWAS/SDS_2015/Renamed Images/Muscatine/SDS_Muscatine_0731_rep1-2/5703.jpg,2231,3607,2637,3995,3
/home/txtran/Downloads/sdsGWAS/SDS_2015/Renamed Images/Muscatine/SDS_Muscatine_0731_rep1-2/5703.jpg,2218,2913,2599,3345,3
/home/txtran/Downloads/sdsGWAS/SDS_2015/Renamed Images/Muscatine/SDS_Muscatine_0731_rep1-2/5703.jpg,2312,2707,2787,3020,4
/home/txtran/Downloads/sdsGWAS/SDS_2015/Renamed Images/Muscatine/SDS_Muscatine_0731_rep1-2/5703.jpg,2444,1563,2925,1932,5
/home/txtran/Downloads/sdsGWAS/SDS_2015/Renamed Images/Muscatine/SDS_Muscatine_0731_rep1-2/5703.jpg,3206,2107,3444,2551,4
/home/txtran/Downloads/sdsGWAS/SDS_2015/Renamed Images/Muscatine/SDS_Muscatine_0731_rep1-2/5703.jpg,1394,2032,2106,2426,3
/home/txtran/Downloads/sdsGWAS/SDS_2015/Renamed Images/Muscatine/SDS_Muscatine_0731_rep1-2/5703.jpg,712,32,1156,407,4
/home/txtran/Downloads/sdsGWAS/SDS_2015/Renamed Images/Muscatine/SDS_Muscatine_0731_rep1-2/5703.jpg,1725,7,2219,513,3
/home/txtran/Downloads/sdsGWAS/SDS_2015/Renamed Images/Muscatine/SDS_Muscatine_0731_rep1-2/5709.jpg,1658,1559,2368,2474,3
/home/txtran/Downloads/sdsGWAS/SDS_2015/Renamed Images/Muscatine/SDS_Muscatine_0731_rep1-2/5709.jpg,2411,1749,3094,2476,4
/home/txtran/Downloads/sdsGWAS/SDS_2015/Renamed Images/Muscatine/SDS_Muscatine_0731_rep1-2/5709.jpg,1908,920,2508,1706,4
/home/txtran/Downloads/sdsGWAS/SDS_2015/Renamed Images/Muscatine/SDS_Muscatine_0731_rep1-2/5709.jpg,1469,817,1954,1509,5
/home/txtran/Downloads/sdsGWAS/SDS_2015/Renamed Images/Muscatine/SDS_Muscatine_0731_rep1-2/5709.jpg,1818,2655,2569,3442,2
/home/txtran/Downloads/sdsGWAS/SDS_2015/Renamed Images/Muscatine/SDS_Muscatine_0731_rep1-2/5709.jpg,861,363,1373,680,3
/home/txtran/Downloads/sdsGWAS/SDS_2015/Renamed Images/Muscatine/SDS_Muscatine_0731_rep1-2/5709.jpg,457,1621,1115,2671,1
/home/txtran/Downloads/sdsGWAS/SDS_2015/Renamed Images/Muscatine/SDS_Muscatine_0731_rep1-2/5709.jpg,1298,2034,1711,2426,1
/home/txtran/Downloads/sdsGWAS/SDS_2015/Renamed Images/Muscatine/SDS_Muscatine_0731_rep1-2/5709.jpg,4111,38,4723,596,3
/home/txtran/Downloads/sdsGWAS/SDS_2015/Renamed Images/Muscatine/SDS_Muscatine_0731_rep1-2/5709.jpg,3411,251,4144,1196,1
/home/txtran/Downloads/sdsGWAS/SDS_2015/Renamed Images/Muscatine/SDS_Muscatine_0731_rep1-2/5709.jpg,3694,1859,4498,2809,1
/home/txtran/Downloads/sdsGWAS/SDS_2015/Renamed Images/Muscatine/SDS_Muscatine_0731_rep1-2/5709.jpg,2823,3038,3157,3413,2
/home/txtran/Downloads/sdsGWAS/SDS_2015/Renamed Images/Muscatine/SDS_Muscatine_0731_rep1-2/5709.jpg,3336,2917,4144,3284,3
/home/txtran/Downloads/sdsGWAS/SDS_2015/Renamed Images/Muscatine/SDS_Muscatine_0731_rep1-2/5709.jpg,3452,2738,3969,3021,2
/home/txtran/Downloads/sdsGWAS/SDS_2015/Renamed Images/Muscatine/SDS_Muscatine_0731_rep1-2/5709.jpg,4252,2705,4677,3280,3
/home/txtran/Downloads/sdsGWAS/SDS_2015/Renamed Images/Muscatine/SDS_Muscatine_0731_rep1-2/5709.jpg,3398,1251,4077,1726,1
/home/txtran/Downloads/sdsGWAS/SDS_2015/Renamed Images/Muscatine/SDS_Muscatine_0731_rep1-2/5709.jpg,411,2638,823,3438,3
/home/txtran/Downloads/sdsGWAS/SDS_2015/Renamed Images/Muscatine/SDS_Muscatine_0731_rep1-2/5709.jpg,1,2484,415,2785,3
/home/txtran/Downloads/sdsGWAS/SDS_2015/Renamed Images/Muscatine/SDS_Muscatine_0731_rep1-2/5709.jpg,1,687,252,1092,2
/home/txtran/Downloads/sdsGWAS/SDS_2015/Renamed Images/Muscatine/SDS_Muscatine_0731_rep1-2/5809.jpg,785,2303,1502,3169,3
/home/txtran/Downloads/sdsGWAS/SDS_2015/Renamed Images/Muscatine/SDS_Muscatine_0731_rep1-2/5809.jpg,19,2014,652,2747,2
/home/txtran/Downloads/sdsGWAS/SDS_2015/Renamed Images/Muscatine/SDS_Muscatine_0731_rep1-2/5809.jpg,1325,2907,1881,3376,3
/home/txtran/Downloads/sdsGWAS/SDS_2015/Renamed Images/Muscatine/SDS_Muscatine_0731_rep1-2/5809.jpg,1375,926,1831,1557,4
/home/txtran/Downloads/sdsGWAS/SDS_2015/Renamed Images/Muscatine/SDS_Muscatine_0731_rep1-2/5809.jpg,1769,1126,2031,1570,3
/home/txtran/Downloads/sdsGWAS/SDS_2015/Renamed Images/Muscatine/SDS_Muscatine_0731_rep1-2/5811.jpg,2640,2342,3075,2709,5
/home/txtran/Downloads/sdsGWAS/SDS_2015/Renamed Images/Muscatine/SDS_Muscatine_0731_rep1-2/5811.jpg,1907,2384,2448,2863,5
/home/txtran/Downloads/sdsGWAS/SDS_2015/Renamed Images/Muscatine/SDS_Muscatine_0731_rep1-2/5811.jpg,4419,1059,5029,1409,5
/home/txtran/Downloads/sdsGWAS/SDS_2015/Renamed Images/Muscatine/SDS_Muscatine_0731_rep1-2/5811.jpg,2190,1592,2861,2106,3
/home/txtran/Downloads/sdsGWAS/SDS_2015/Renamed Images/Muscatine/SDS_Muscatine_0731_rep1-2/5811.jpg,1675,1517,2104,1942,2
/home/txtran/Downloads/sdsGWAS/SDS_2015/Renamed Images/Muscatine/SDS_Muscatine_0731_rep1-2/5811.jpg,3664,206,4332,681,2
/home/txtran/Downloads/sdsGWAS/SDS_2015/Renamed Images/Muscatine/SDS_Muscatine_0731_rep1-2/5811.jpg,2736,899,3282,1306,1
/home/txtran/Downloads/sdsGWAS/SDS_2015/Renamed Images/Muscatine/SDS_Muscatine_0731_rep1-2/5811.jpg,2607,1205,2782,1571,5
/home/txtran/Downloads/sdsGWAS/SDS_2015/Renamed Images/Muscatine/SDS_Muscatine_0731_rep1-2/5811.jpg,2165,1355,2582,1592,5
/home/txtran/Downloads/sdsGWAS/SDS_2015/Renamed Images/Muscatine/SDS_Muscatine_0731_rep1-2/5811.jpg,2457,2009,2723,2301,5
/home/txtran/Downloads/sdsGWAS/SDS_2015/Renamed Images/Muscatine/SDS_Muscatine_0731_rep1-2/5811.jpg,2494,1613,2707,1809,5
/home/txtran/Downloads/sdsGWAS/SDS_2015/Renamed Images/Muscatine/SDS_Muscatine_0731_rep1-2/5811.jpg,923,255,1248,780,1
/home/txtran/Downloads/sdsGWAS/SDS_2015/Renamed Images/Muscatine/SDS_Muscatine_0731_rep1-2/5811.jpg,515,580,1102,1171,3
/home/txtran/Downloads/sdsGWAS/SDS_2015/Renamed Images/Muscatine/SDS_Muscatine_0731_rep1-2/5811.jpg,336,17,740,571,2
/home/txtran/Downloads/sdsGWAS/SDS_2015/Renamed Images/Muscatine/SDS_Muscatine_0731_rep1-2/5811.jpg,1844,1021,2148,1563,3
/home/txtran/Downloads/sdsGWAS/SDS_2015/Renamed Images/Muscatine/SDS_Muscatine_0731_rep1-2/5811.jpg,2015,1034,2686,1355,2
/home/txtran/Downloads/sdsGWAS/SDS_2015/Renamed Images/Muscatine/SDS_Muscatine_0731_rep1-2/5811.jpg,3469,634,3832,813,3
/home/txtran/Downloads/sdsGWAS/SDS_2015/Renamed Images/Muscatine/SDS_Muscatine_0731_rep1-2/5811.jpg,11,1355,419,1676,1
/home/txtran/Downloads/sdsGWAS/SDS_2015/Renamed Images/Muscatine/SDS_Muscatine_0731_rep1-2/5811.jpg,2998,105,3586,817,1
/home/txtran/Downloads/sdsGWAS/SDS_2015/Renamed Images/Muscatine/SDS_Muscatine_0731_rep1-2/5811.jpg,1,1726,250,2113,1
/home/txtran/Downloads/sdsGWAS/SDS_2015/Renamed Images/Muscatine/SDS_Muscatine_0731_rep1-2/5811.jpg,1682,1913,2082,2305,1
